Source,sic_supplier,comp_supplier,comp_customer,sic_customer,Target,year3,conm_customer,conm_supplier,salecs_supplier,sales_supplier,sales_customer,Weight,Type
5560,1040,HECLAMINING,ASARCO,3330,1789,1977,ASARCO INC,HECLA MINING CO,16.11999988555908,57.34299993515015,2220.705017089844,.28111538,Directed
1856,1040,ATLASMINERALS,HOUSTONLP,4911,5743,1977,HOUSTON L&P,ATLAS MINERALS INC,13.63500022888184,52.89299869537354,1303.60400390625,.25778461,Directed
3104,1044,,ASARCO,3330,1789,1977,ASARCO,CLAYTON SILVER MINES,0,0,2220.705017089844,1,Directed
2040,1220,BARBEROIL,SHELLOIL,1311,9653,1977,SHELL OIL CO,BARBER OIL CORP,32.7380008995533,371.734001159668,42349.89013671875,.088068351,Directed
1223,1220,,GENMTR,3711,5073,1977,GEN MOTORS,ALABAMA BY-PRODUCTS  -CL B,14.8100004196167,0,63221.109375,1,Directed
1732,1311,ARGOPETROLEUM,SHELLOIL,1311,9653,1977,SHELL OIL,ARGO PETROLEUM,0,13.70000004768372,21174.94506835938,.1,Directed
2419,1311,,MURPHYOIL,1311,7620,1977,MURPHY OIL,BRODIE EXPLORATION CORP,.8940000236034393,0,3302.489990234375,1,Directed
6365,1311,,SHELLOIL,1311,9653,1977,SHELL OIL,KEBA OIL & GAS CO,.7379999756813049,0,11062.88305664063,1,Directed
10887,1311,,GULFCDA,2621,5381,1977,GULF CANADA,UNITED CANSO OIL & GAS-OLD,1.297000050544739,0,2184.000061035156,1,Directed
2437,1311,,EXXON,2911,4503,1977,EXXON CORP,BROWN (TOM) INC,1.830999970436096,0,60335.015625,1,Directed
4488,1311,,GETTYOIL,2911,5148,1977,GETTY OIL,EXETER OIL CO LTD  -CL A,.3630000054836273,0,3319.401977539063,1,Directed
6819,1311,LOUISIANALANDEXPLORATION,TEXACO,2911,10482,1977,TEXACO INC,LOUISIANA LAND & EXPLORATION,124,965.5649795532227,56528.0048828125,.12842222,Directed
7792,1311,NATOMAS,TOSCO,2911,10621,1977,TOSCO CORP,NATOMAS CO,0,1443.098999023438,2233.20100402832,.1,Directed
7912,1311,NOBLENERGY,TEXACO,2911,10482,1977,TEXACO INC,NOBLE ENERGY INC,0,314.5309982299805,56528.0048828125,.1,Directed
10938,1311,,AMAX,3334,1365,1977,AMAX,U S ENERGY CORP/WY,.871999979019165,0,1727.289978027344,1,Directed
8387,1311,GOODRICHPETROLEUM,WILLIAMSCOS,4922,11506,1977,WILLIAMS COS,GOODRICH PETROLEUM CORP,2.503000020980835,35.93100023269653,1497.007995605469,.069661297,Directed
8955,1381,,APACHE,1311,1678,1977,APACHE CORP,RATLIFF DRILLING CO,0,0,77.96399879455566,1,Directed
1661,1381,NABORSIND,HUSKYOIL,2911,5790,1977,HUSKY OIL,NABORS INDUSTRIES LTD,13.23799991607666,97.54899978637695,592.77099609375,.13570616,Directed
5187,1381,GLOBALSANTAFE,EXXON,2911,4503,1977,EXXON CORP,GLOBALSANTAFE CORP,88.70299911499023,202.0900001525879,114461.03125,.43892819,Directed
3600,1381,,AMAX,3334,1365,1977,AMAX INC,CRESTED CORP,1.080000042915344,0,1727.289978027344,1,Directed
8429,1381,,TXOILGS,4922,10503,1977,TX OIL & GS,PENINSULA RESOURCES CORP,.5299999713897705,0,711.0519866943359,1,Directed
3633,1389,CRUTCHERRESOURCES,TEXACO,2911,10482,1977,TEXACO,CRUTCHER RESOURCES CORP,9.97599983215332,71.25699901580811,27920.48876953125,.14000028,Directed
8095,1400,,ARMCO,3312,1755,1977,ARMCO INC,OGLEBAY NORTON CO,44.13199961185455,0,31626.09521484375,1,Directed
7359,1531,,PENNEYJC,5311,8446,1977,PENNEY (JC),MID-SOUTH CORP,.0759999975562096,0,10845,1,Directed
1232,1600,,HUSKYOIL,2911,5790,1977,HUSKY OIL CO,ALASKA INTL INDUSTRIES INC,9.435999870300293,0,592.77099609375,1,Directed
5218,1623,GFIELD,DISNEYWALT,4888,3980,1977,DISNEY WALT,GOLDFIELD CORP,.0710000023245811,40.17500042915344,1213.721008300781,.0017672683,Directed
6331,1700,FURMNITE,SHELLOIL,1311,9653,1977,SHELL OIL,FURMANITE CORP,10.92500019073486,323.4809951782227,11062.88305664063,.033773236,Directed
6331,1700,FURMNITE,EXXON,2911,4503,1977,EXXON CORP,FURMANITE CORP,12.47200012207031,323.4809951782227,60335.015625,.038555589,Directed
6331,1700,FURMNITE,GULF,2911,5382,1977,GULF CORP,FURMANITE CORP,16.24200057983398,323.4809951782227,18069,.050210062,Directed
5196,2011,GLOVER,KROGER,5411,6502,1977,KROGER & CO,GLOVER INC,13.91199970245361,141.4120006561279,7828.070922851563,.098379202,Directed
8997,2011,,KROGER,5411,6502,1977,KROGER CO,REDFERN FOODS CORP,8.861000061035156,0,7828.070922851563,1,Directed
6425,2011,KEYSTNFOODS,MCDONALDS,5812,7154,1977,MCDONALD'S,KEYSTONE FOODS,27.31399917602539,296.911003112793,1643.549011230469,.091993891,Directed
9303,2013,RYMERFOODS,SEARS,5311,6307,1977,SEARS ROEBK,RYMER FOODS INC,50.23200035095215,294.7200012207031,57069.21704101563,.17043974,Directed
5213,2013,,MCDONALDS,5812,7154,1977,MCDONALDS,GOLDEN STATE FOODS CORP,250.5899963378906,0,1643.549011230469,1,Directed
3847,2020,DELLWDFOODS,WALDBAUM,5411,11263,1977,WALDBAUM INC,DELLWOOD FOODS,8.461000442504883,105.7670001983643,826.3370056152344,.079996601,Directed
1032,2030,,GENFOODS,2000,5055,1977,GEN FOODS,AKF FOODS INC,8.241000175476074,0,5472.4560546875,1,Directed
3245,2030,,KELLOGG,2040,6375,1977,KELLOGG CO,COMMERCIAL INTERNATIONAL CP,3.184999942779541,0,1690.600036621094,1,Directed
6573,2030,LANCASTERCOLONY,GENMTR,3711,5073,1977,GEN MOTORS,LANCASTER COLONY CORP,0,237.0730018615723,63221.109375,.1,Directed
6573,2030,LANCASTERCOLONY,SEARS,5311,6307,1977,SEARS ROEBK,LANCASTER COLONY CORP,0,237.0730018615723,29780.73193359375,.1,Directed
1643,2040,ANDERSONCLAYTON,GENFOODS,2000,5055,1977,GEN FOODS,ANDERSON CLAYTON & CO,21.02599906921387,873.52099609375,5472.4560546875,.024070399,Directed
5146,2090,,CAMPBL,2030,2663,1977,CAMPBELL SOUP,GERMAN VILLAGE PROD  -CL A,1.814999997615814,0,5387.553039550781,1,Directed
5146,2090,,GENMILLS,2040,5071,1977,GENERAL MILLS,GERMAN VILLAGE PROD  -CL A,5.228999972343445,0,9770.822998046875,1,Directed
9140,2211,RIEGELTEXTILE,BLUEBELL,2320,2272,1977,BLUE BELL,RIEGEL TEXTILE CORP,57.95000076293945,307.3929977416992,872.3059997558594,.18852089,Directed
2196,2211,BIBB,SEARS,5311,6307,1977,SEARS ROEBK,BIBB CO,56.01200103759766,219.8499984741211,29780.73193359375,.25477371,Directed
3622,2211,CROWNCRAFTS,SEARS,5311,6307,1977,SEARS ROEBK,CROWN CRAFTS INC,5.453999996185303,25.58199977874756,29780.73193359375,.21319678,Directed
4635,2211,FIELDCRESTCANNON,SEARS,5311,6307,1977,SEARS ROEBK,FIELDCREST CANNON,129.4769973754883,880.4489974975586,57069.21704101563,.14705792,Directed
3176,2221,,CHRYSLER,3711,3022,1977,CHRYSLER CP,COLLINS & AIKMAN CORP  -OLD,0,0,13618.30200195313,1,Directed
3176,2221,,FORDMTR,3711,4839,1977,FORD MOTOR,COLLINS & AIKMAN CORP  -OLD,0,0,42784.1015625,1,Directed
3176,2221,,GENMTR,3711,5073,1977,GEN MOTORS,COLLINS & AIKMAN CORP  -OLD,0,0,63221.109375,1,Directed
1120,2250,ADAMSMILLIS,SEARS,5311,6307,1977,SEARS ROEBK,ADAMS-MILLIS CORP,7.13100004196167,61.73300075531006,29780.73193359375,.11551359,Directed
1235,2250,ALBAWALDENSIAN,PENNEYJC,5311,8446,1977,PENNEY (JC),ALBA-WALDENSIAN INC,8.71999979019165,69.15400171279907,20213.70300292969,.12609537,Directed
10021,2250,STANWD,SEARS,5311,6307,1977,SEARS ROEBK,STANWOOD CORP,19.62599945068359,87.10799980163574,29780.73193359375,.22530651,Directed
10021,2250,STANWD,PENNEYJC,5311,8446,1977,PENNEY (JC),STANWOOD CORP,14.43200016021729,87.10799980163574,10845,.1656794,Directed
8857,2253,,SEARS,5311,6307,1977,SEARS ROEBK,QUALITY MILLS INC,9.099999904632568,0,57069.21704101563,1,Directed
2068,2273,BARWICKETIND,CHRYSLER,3711,3022,1977,CHRYSLER CORP,BARWICK (E.T.) INDUSTRIES,7.508999824523926,94.95400238037109,13618.30200195313,.079080395,Directed
2068,2273,BARWICKETIND,GENMTR,3711,5073,1977,GEN MOTORS,BARWICK (E.T.) INDUSTRIES,12.13700008392334,94.95400238037109,63221.109375,.12781979,Directed
7087,2273,MASLANDCHSONS,FORDMTR,3711,4839,1977,FORD MOTOR,MASLAND (C.H.) & SONS,63.39999771118164,333.4440002441406,80625.609375,.19013686,Directed
7087,2273,MASLANDCHSONS,GENMTR,3711,5073,1977,GEN MOTORS,MASLAND (C.H.) & SONS,52.10000038146973,333.4440002441406,118182.41796875,.15624812,Directed
3211,2273,,SEARS,5311,6307,1977,SEARS ROEBK,COLUMBUS MILLS INC,22.27699947357178,0,57069.21704101563,1,Directed
5005,2300,GATEWAYIND,CHRYSLER,3711,3022,1977,CHRYSLER CORP,GATEWAY INDUSTRIES INC,51.06099891662598,101.7639999389648,26676.90185546875,.50175893,Directed
5005,2300,GATEWAYIND,GENMTR,3711,5073,1977,GEN MOTORS,GATEWAY INDUSTRIES INC,49.55699920654297,101.7639999389648,118182.41796875,.48697966,Directed
3125,2300,CLUETTPEABODY,SEARS,5311,6307,1977,SEARS ROEBK,CLUETT PEABODY & CO,116.4979972839355,1164.976005554199,57069.21704101563,.10000034,Directed
3125,2300,CLUETTPEABODY,PENNEYJC,5311,8446,1977,PENNEY (JC),CLUETT PEABODY & CO,110.742000579834,1164.976005554199,20213.70300292969,.095059469,Directed
4993,2300,GARAN,SEARS,5311,6307,1977,SEARS ROEBK,GARAN INC,25.76899909973145,122.7049999237061,29780.73193359375,.21000774,Directed
4993,2300,GARAN,PENNEYJC,5311,8446,1977,PENNEY (JC),GARAN INC,41.72100067138672,122.7049999237061,10845,.34001061,Directed
6468,2300,KLEINERTS,SEARS,5311,6307,1977,SEARS ROEBK,KLEINERTS INC,112.0809993743896,212.7259979248047,114138.4340820313,.52687967,Directed
6468,2300,KLEINERTS,PENNEYJC,5311,8446,1977,PENNEY (JC),KLEINERTS INC,15.9350004196167,212.7259979248047,40427.40600585938,.074908569,Directed
6880,2300,MIFUND,PENNEYJC,5311,8446,1977,PENNEY (JC),MI FUND INC,24.42600059509277,131.4869995117188,10845,.18576741,Directed
7400,2300,,SEARS,5311,6307,1977,SEARS ROEBK,MILLER BROTHERS INDUSTRIES,0,0,29780.73193359375,1,Directed
7400,2300,,PENNEYJC,5311,8446,1977,PENNEY (JC),MILLER BROTHERS INDUSTRIES,0,0,10845,1,Directed
8219,2300,OXFORDIND,SEARS,5311,6307,1977,SEARS ROEBK,OXFORD INDUSTRIES INC,39.84299850463867,253.3140068054199,29780.73193359375,.15728699,Directed
8219,2300,OXFORDIND,PENNEYJC,5311,8446,1977,PENNEY (JC),OXFORD INDUSTRIES INC,88.54000091552734,253.3140068054199,10845,.34952667,Directed
8551,2300,PVH,PENNEYJC,5311,8446,1977,PENNEY (JC),PVH CORP,38.79999923706055,326.9570083618164,10845,.11867003,Directed
9955,2300,SPLENTEX,SEARS,5311,6307,1977,SEARS ROEBK,SPLENTEX INC,4.435999870300293,33.74599981307983,57069.21704101563,.13145262,Directed
10025,2300,,SEARS,5311,6307,1977,SEARS ROEBK,STAR-LITE INDUSTRIES,14.61900019645691,0,80503.02502441406,1,Directed
10593,2300,TOBIASKOTZIN,PENNEYJC,5311,8446,1977,PENNEY (JC),TOBIAS KOTZIN CO,0,48.27899932861328,10845,.1,Directed
2091,2320,,PENNEYJC,5311,8446,1977,PENNEY (JC),BAYLY CORP,47,0,10845,1,Directed
7916,2320,NOELIND,SEARS,5311,6307,1977,SEARS ROEBK,NOEL INDUSTRIES,5.375,21.50100040435791,29780.73193359375,.24998836,Directed
8255,2320,,SEARS,5311,6307,1977,SEARS ROEBK,PACESETTER INDUSTRIES INC,52.42200088500977,0,80503.02502441406,1,Directed
8255,2320,,PENNEYJC,5311,8446,1977,PENNEY (JC),PACESETTER INDUSTRIES INC,0,0,28567.50305175781,1,Directed
8576,2320,PIEDMONTIND,SEARS,5311,6307,1977,SEARS ROEBK,PIEDMONT INDUSTRIES,4.125999927520752,34.30600070953369,29780.73193359375,.12027051,Directed
8576,2320,PIEDMONTIND,PENNEYJC,5311,8446,1977,PENNEY (JC),PIEDMONT INDUSTRIES,3.782000064849854,34.30600070953369,10845,.1102431,Directed
9382,2320,SALANT,SEARS,5311,6307,1977,SEARS ROEBK,SALANT CORP,85.52500152587891,231.1479988098145,29780.73193359375,.37000105,Directed
9382,2320,SALANT,PENNEYJC,5311,8446,1977,PENNEY (JC),SALANT CORP,30.04899978637695,231.1479988098145,10845,.12999897,Directed
2584,2330,,SEARS,5311,6307,1977,SEARS ROEBK,CWC INDUSTRIES INC,4.331000149250031,0,80503.02502441406,1,Directed
2584,2330,,PENNEYJC,5311,8446,1977,PENNEY (JC),CWC INDUSTRIES INC,16.19800019264221,0,28567.50305175781,1,Directed
5596,2330,,PENNEYJC,5311,8446,1977,PENNEY (JC),HERS APPAREL INDUSTRIES INC,2.903000116348267,0,10845,1,Directed
6376,2330,KELLWD,SEARS,5311,6307,1977,SEARS ROEBK,KELLWOOD CO,779.9099960327148,2072.824020385742,114138.4340820313,.3762548,Directed
5516,2340,,PENNEYJC,5311,8446,1977,PENNEY (JC),HARWOOD COS INC,54.08099937438965,0,20213.70300292969,1,Directed
7644,2340,,PENNEYJC,5311,8446,1977,PENNEY (JC),NCC INDUSTRIES INC,39.62399959564209,0,28567.50305175781,1,Directed
6184,2390,IRVININD,GENMTR,3711,5073,1977,GEN MOTORS,IRVIN INDUSTRIES INC,60.32100105285645,150.8030004501343,118182.41796875,.39999866,Directed
7889,2390,SHIRTSHED,DISNEYWALT,4888,3980,1977,DISNEY WALT,SHIRT SHED INC,.2829999923706055,19.02899980545044,741.1430053710938,.014872037,Directed
3120,2390,CLOPAY,SEARS,5311,6307,1977,SEARS ROEBK,CLOPAY CORP,17.91699981689453,184.8159999847412,57069.21704101563,.09694507,Directed
4447,2390,EROIND,SEARS,5311,6307,1977,SEARS ROEBK,ERO INDUSTRIES INC,2.591000080108643,10.12400007247925,29780.73193359375,.25592652,Directed
6821,2400,LOUISIANAPAC,GEORGIAPAC,2600,5134,1977,GEORGIA-PAC,LOUISIANA-PACIFIC CORP,89.35299682617188,1836.580001831055,16155.99987792969,.048651841,Directed
7000,2400,MNSFIELD,FIRESTN,3011,4672,1977,FIRESTN TIR,MANSFIELD TIRE & RUBBER CO,22.38999938964844,189.5350017547607,9305,.11813121,Directed
3378,2400,,WAART,5331,11259,1977,WAL-MART,CONDECOR INC,2.585000038146973,0,900.2980041503906,1,Directed
8386,2430,,SKYLINE,2451,9761,1977,SKYLINE CP,PATRICK INDUSTRIES INC,24.55799961090088,0,813.9190063476563,1,Directed
7201,2430,,CHAMPION,2621,2917,1977,CHAMPION INTL,MEDFORD CORP,26.67800045013428,0,6601.766052246094,1,Directed
10518,2430,,FLEETWDENT,3716,4768,1977,FLEETWD ENT,TEXTONE INC,5.745999813079834,0,800.7590026855469,1,Directed
2174,2510,,PENNEYJC,5311,8446,1977,PENNEY (JC),BERKLINE CORP,7.092999935150146,0,10845,1,Directed
2502,2510,,PENNEYJC,5311,8446,1977,PENNEY (JC),BURRIS INDS,1.860000014305115,0,10845,1,Directed
4771,2510,,PENNEYJC,5311,8446,1977,PENNEY (JC),FLEXSTEEL INDUSTRIES INC,13,0,10845,1,Directed
6614,2510,,SEARS,5311,6307,1977,SEARS ROEBK,LAWNLITE CO,3.694999933242798,0,29780.73193359375,1,Directed
6614,2510,,PENNEYJC,5311,8446,1977,PENNEY (JC),LAWNLITE CO,1.23199999332428,0,10845,1,Directed
8101,2510,SEALY,SEARS,5311,6307,1977,SEARS ROEBK,SEALY CORP,8.444000244140625,46.90999984741211,29780.73193359375,.18000427,Directed
2080,2511,BASSETTFURNITUREINDS,PENNEYJC,5311,8446,1977,PENNEY (JC),BASSETT FURNITURE INDS,38.94400024414063,278.1739959716797,10845,.1399987,Directed
4055,2531,,CHRYSLER,3711,3022,1977,CHRYSLER CP,DOUGLAS & LOMASON CO,61.52700042724609,0,26676.90185546875,1,Directed
4055,2531,,FORDMTR,3711,4839,1977,FORD MOTOR,DOUGLAS & LOMASON CO,92.22100067138672,0,80625.609375,1,Directed
4055,2531,,GENMTR,3711,5073,1977,GEN MOTORS,DOUGLAS & LOMASON CO,37.26900100708008,0,118182.41796875,1,Directed
5699,2531,HOOVERUNIVERSAL,CHRYSLER,3711,3022,1977,CHRYSLER CP,HOOVER UNIVERSAL INC,71.38600158691406,913.0110168457031,26676.90185546875,.078187451,Directed
5699,2531,HOOVERUNIVERSAL,FORDMTR,3711,4839,1977,FORD MOTOR,HOOVER UNIVERSAL INC,169.3199996948242,913.0110168457031,80625.609375,.18545231,Directed
5699,2531,HOOVERUNIVERSAL,GENMTR,3711,5073,1977,GEN MOTORS,HOOVER UNIVERSAL INC,141.1029968261719,913.0110168457031,118182.41796875,.15454687,Directed
1496,2540,,FORDMTR,3711,4839,1977,FORD MOTOR,AMERICAN LOCKER GROUP INC,19.72500038146973,0,80625.609375,1,Directed
6226,2621,FORTJAMES,NASHUA,2670,7692,1977,NASHUA CORP,FORT JAMES CORP,0,297.9399948120117,509.1120147705078,.1,Directed
6226,2621,FORTJAMES,GENMTR,3711,5073,1977,GEN MOTORS,FORT JAMES CORP,0,297.9399948120117,63221.109375,.1,Directed
3421,2650,,GENMTR,3711,5073,1977,GEN MOTORS,CONSOLIDATED PACKAGING CORP,12.59999990463257,0,118182.41796875,1,Directed
10338,2670,,XEROX,3577,11636,1977,XEROX CORP,TAPECON INC,.364999994635582,0,11115.30004882813,1,Directed
1589,2673,,SEARS,5311,6307,1977,SEARS ROEBK,AMERICAN WESTERN CORP (NEW),5.003999948501587,0,57069.21704101563,1,Directed
3522,2741,CORDURA,TEXACO,2911,10482,1977,TEXACO INC,CORDURA CORP,13.67500019073486,75.29000091552734,28607.51611328125,.18163103,Directed
1403,2790,,GROLIER,2731,5349,1977,GROLIER INC,AMERICAN BOOK-STRATFRD PRESS,0,0,242.8419990539551,1,Directed
4455,2810,ESSEXCH,GENMTR,3711,5073,1977,GEN MOTORS,ESSEX CHEMICAL CORP,35.12599945068359,182.886999130249,118182.41796875,.19206394,Directed
10039,2810,STAUFFERCH,GENMTR,3711,5073,1977,GEN MOTORS,STAUFFER CHEMICAL CO,17.13899993896484,1328.114013671875,63221.109375,.012904765,Directed
5608,2821,HEXCEL,BOEING,3721,2285,1977,BOEING CO,HEXCEL CORP,11.58699989318848,89.13199996948242,5463.000122070313,.12999821,Directed
10848,2834,,MCKESSON,5122,7171,1977,MCKESSON,UNIMED PHARMACEUTICALS INC,.0649999976158142,0,5645.165954589844,1,Directed
1514,2835,,FISHRSCI,5040,13204,1977,FISHR SCIEN,AMERICAN MONITOR CORP,1.899999976158142,0,301.7940063476563,1,Directed
3888,2840,DESOTO,SEARS,5311,6307,1977,SEARS ROEBK,DE SOTO INC,469.6820068359375,652.007007598877,57069.21704101563,.72036344,Directed
3121,2842,CLOROXDE,MCDONALDS,5812,7154,1977,MCDONALDS CP,CLOROX CO/DE,496,465.7870025634766,1643.549011230469,1,Directed
5354,2851,GROW,GENMTR,3711,5073,1977,GEN MOTORS,GROW GROUP INC,15.94999980926514,189.4179992675781,63221.109375,.0842053,Directed
8634,2890,,GEORGIAPAC,2600,5134,1977,GEORGIA-PAC,PLASMINE CORP,.181999996304512,0,8806,1,Directed
8345,2890,PARKCH,GENMTR,3711,5073,1977,GEN MOTORS,PARK CHEMICAL CO,3.047999978065491,27.71099972724915,118182.41796875,.10999242,Directed
2643,2911,,CHRYSLER,3711,3022,1977,CHRYSLER CORP,CAM-OR INC,.8379999995231628,0,13618.30200195313,1,Directed
3502,3011,COOPER,HERCULES,2890,5589,1977,HERCULES,COOPER TIRE & RUBBER CO,86.2239990234375,507.1990051269531,3644.264038085938,.17000033,Directed
3502,3011,COOPER,GENMTR,3711,5073,1977,GEN MOTORS,COOPER TIRE & RUBBER CO,55.79200172424316,507.1990051269531,118182.41796875,.11000022,Directed
10873,3011,UNIROYAL,GENMTR,3711,5073,1977,GEN MOTORS,UNIROYAL INC,1233.111999511719,7632.624053955078,165363.42578125,.16155806,Directed
1761,3011,ARMTEK,SEARS,5311,6307,1977,SEARS ROEBK,ARMTEK CORP,169.6529998779297,377.0069961547852,29780.73193359375,.4499996,Directed
7502,3011,MOHAWKRUBBER,SEARS,5311,6307,1977,SEARS ROEBK,MOHAWK RUBBER CO,64.53600120544434,423.2470016479492,57069.21704101563,.15247834,Directed
3200,3050,COLTECIND,BOEING,3721,2285,1977,BOEING CO,COLTEC INDUSTRIES,53.93000030517578,3333.366027832031,9481.845153808594,.016178841,Directed
4819,3050,,BOEING,3721,2285,1977,BOEING CO,FURON CO,2.651999950408936,0,5463.000122070313,1,Directed
3200,3050,COLTECIND,LOCKHEED,3760,6774,1977,LOCKHEED CP,COLTEC INDUSTRIES,32.58000087738037,3333.366027832031,6857.799926757813,.0097739045,Directed
10967,3060,USRUBBERRECLAIMING,UNIROYAL,3011,10873,1977,UNIROYAL,U S RUBBER RECLAIMING CO,2.366000056266785,18.42900002002716,5317.783081054688,.12838462,Directed
3523,3060,,FORDMTR,3711,4839,1977,FORD MOTOR,CORDUROY RUBBER CO,21.49199962615967,0,109465.2065429688,1,Directed
3523,3060,,GENMTR,3711,5073,1977,GEN MOTORS,CORDUROY RUBBER CO,30.44000053405762,0,165363.42578125,1,Directed
11376,3060,,BECTONDICK,3841,2111,1977,"BECTON,DICK",WEST PHARMACEUTICAL SVSC INC,36.42099952697754,0,1117.295989990234,1,Directed
11376,3060,WESTPHARMACEUTICALSVSC,BECTONDICK,3841,2111,1977,"BECTON,DICK",WEST PHARMACEUTICAL SVSC INC,15.59899997711182,111.4189987182617,698.0650024414063,.14000306,Directed
11225,3060,,GENESCO,5661,5109,1977,GENESCO INC,VULCAN INTL CORP,8.324999809265137,0,2063.137939453125,1,Directed
8442,3080,,REVLON,2844,8331,1977,REVLON INTL,PENNANT PACIFIC RESOURCES,.2060000002384186,0,7446.360137939453,1,Directed
5464,3080,HANNAM,BETHLHMSTL,3312,2189,1977,BETHLHM STL,HANNA (M A) CO,43.12699890136719,327.4689979553223,6184.900146484375,.13169795,Directed
4000,3081,DIXICO,GENMTR,3711,5073,1977,GEN MOTORS,DIXICO INC,5.853000164031982,95.65799903869629,63221.109375,.061186731,Directed
11468,3089,,STARRETT,1531,10031,1977,STARRETT CO,WHITE EAGLE INTERNATIONAL,.1650000065565109,0,115.8710021972656,1,Directed
8769,3089,,GILLETTE,3420,5169,1977,GILLETTE CO,PRODUCT DESIGN & ENGR INC,0,0,1710.470977783203,1,Directed
11468,3089,,GOULD,3571,5245,1977,GOULD INC,WHITE EAGLE INTERNATIONAL,1.98800003528595,0,3489.526947021484,1,Directed
3765,3089,,MEMOREX,3572,7244,1977,MEMOREX CP,COSTAR CORP,5.00600004196167,0,633.2660064697266,1,Directed
11468,3089,,MCDONNELDG,3721,7155,1977,MCDONNEL DG,WHITE EAGLE INTERNATIONAL,.1650000065565109,0,3544.797973632813,1,Directed
11468,3089,,RAYTHEON,3812,8972,1977,RAYTHEON CO,WHITE EAGLE INTERNATIONAL,.4040000140666962,0,2818.264038085938,1,Directed
10535,3089,,SEARS,5311,6307,1977,SEARS ROEBK,THETFORD CORP,4.59499979019165,0,29780.73193359375,1,Directed
9629,3140,SHAERSHOE,EDISONBROS,5600,4218,1977,EDISON BROS,SHAER SHOE CORP,2.553999900817871,12.7720000743866,739.4390106201172,.19996867,Directed
5367,3211,GUARDIANIND,REVCODS,5912,13961,1977,REVCO D S,GUARDIAN INDUSTRIES,0,492.7219982147217,2377.853012084961,.1,Directed
11516,3231,WILSONBROSUSA,SEARS,5311,6307,1977,SEARS ROEBK,WILSON BROTHERS USA INC,0,148.9650039672852,50722.29309082031,.1,Directed
11516,3231,WILSONBROSUSA,PENNEYJC,5311,8446,1977,PENNEY (JC),WILSON BROTHERS USA INC,0,148.9650039672852,17722.50305175781,.1,Directed
11025,3260,UNIVERSALRUNDLE,SEARS,5311,6307,1977,SEARS ROEBK,UNIVERSAL-RUNDLE CORP,60.30800247192383,173.5069999694824,57069.21704101563,.34758252,Directed
1312,3310,,FORDMTR,3711,4839,1977,FORD MOTOR,ALLOY METAL PRODUCTS INC,1.923999965190887,0,80625.609375,1,Directed
11600,3310,,GENMTR,3711,5073,1977,GEN MOTORS,WORTHINGTON INDUSTRIES,31.78899955749512,0,63221.109375,1,Directed
4217,3312,,TIMKEN,3562,10581,1977,TIMKEN CO,EDGEWATER CORP,6.603000164031982,0,974.3520050048828,1,Directed
6278,3312,,GENMTR,3711,5073,1977,GEN MOTORS,JONES & LAUGHLIN INDS INC,257.3720092773438,0,63221.109375,1,Directed
6531,3312,LTV,GENMTR,3711,5073,1977,GEN MOTORS,LTV CORP,229.9019927978516,4703.296020507813,54961.30859375,.048881039,Directed
6537,3312,,GENMTR,3711,5073,1977,GEN MOTORS,LTV STEEL CO INC,504,0,118182.41796875,1,Directed
7175,3312,MCLOUTHSTL,GENMTR,3711,5073,1977,GEN MOTORS,MCLOUTH STEEL CORP,484.0260009765625,1210.070999145508,118182.41796875,.39999801,Directed
9064,3312,REPUBLICSTL,GENMTR,3711,5073,1977,GEN MOTORS,REPUBLIC STEEL CORP,685,6388.842041015625,118182.41796875,.10721818,Directed
9188,3312,ROBLININD,GENMTR,3711,5073,1977,GEN MOTORS,ROBLIN INDUSTRIES,16.50100004673004,471.0740013122559,236364.8359375,.035028465,Directed
6945,3312,,SEARS,5311,6307,1977,SEARS ROEBK,MAGNA CORP,2.062000036239624,0,29780.73193359375,1,Directed
2471,3317,BUNDY,FORDMTR,3711,4839,1977,FORD MOTOR,BUNDY CORP,18.04500007629395,128.8950023651123,42784.1015625,.13999768,Directed
2471,3317,BUNDY,GENMTR,3711,5073,1977,GEN MOTORS,BUNDY CORP,29.64599990844727,128.8950023651123,63221.109375,.23000115,Directed
8722,3320,,WEBBDELE,1531,11328,1977,WEBB (DEL E),PRECISION TECHNOLOGIES,12.16999983787537,0,1237.486999511719,1,Directed
2451,3320,,CHRYSLER,3711,3022,1977,CHRYSLER CORP,BUCKEYE INTL INC,30,0,26676.90185546875,1,Directed
2451,3320,,FORDMTR,3711,4839,1977,FORD MOTOR CO,BUCKEYE INTL INC,35.30000114440918,0,80625.609375,1,Directed
2451,3320,,GENMTR,3711,5073,1977,GEN MOTORS,BUCKEYE INTL INC,37.79999923706055,0,118182.41796875,1,Directed
5532,3320,HAYESALBION,CHRYSLER,3711,3022,1977,CHRYSLER CP,HAYES-ALBION CORP,22.9399995803833,436.8239898681641,27236.60400390625,.052515429,Directed
5532,3320,HAYESALBION,FORDMTR,3711,4839,1977,FORD MOTOR,HAYES-ALBION CORP,71.64800071716309,436.8239898681641,85568.203125,.1640203,Directed
5532,3320,HAYESALBION,GENMTR,3711,5073,1977,GEN MOTORS,HAYES-ALBION CORP,23.83499908447266,436.8239898681641,126442.21875,.054564308,Directed
10132,3320,,KROGER,5411,6502,1977,KROGER CO,SUDBURY INC,19.5310001373291,0,7828.070922851563,1,Directed
10930,3330,,RCA,3600,8889,1977,RCA,U S ANTIMONY CORP,.2469999939203262,0,6600.599975585938,1,Directed
8907,3341,,GOULD,3571,5245,1977,GOULD INC,RSR CORP,0,0,1619.582977294922,1,Directed
8907,3341,,GLOBEUNION,3690,5192,1977,GLOBE UNION,RSR CORP,63.26599884033203,0,391.9000015258789,1,Directed
8051,3350,,XEROX,3577,11636,1977,XEROX CORP,STARMET CORP,4.177999973297119,0,6033.300048828125,1,Directed
4178,3350,EASCO,SEARS,5311,6307,1977,SEARS ROEBK,EASCO CORP,201.8199996948242,590.5460014343262,57069.21704101563,.34175152,Directed
11549,3390,,GENMTR,3711,5073,1977,GEN MOTORS CP,WISCONSIN CENTRIFUGAL,25.62800025939941,0,118182.41796875,1,Directed
11255,3420,,WHIROOL,3630,11465,1977,WHIRLPOOL,WAGNER (E.R.)MANUFACTURING,8.545000076293945,0,5612.944000244141,1,Directed
6391,3420,,GENMTR,3711,5073,1977,GEN MOTORS,KENT-MOORE CORP,9,0,63221.109375,1,Directed
11255,3420,,GENMTR,3711,5073,1977,GEN MOTORS,WAGNER (E.R.)MANUFACTURING,2.895999908447266,0,63221.109375,1,Directed
11462,3420,,GENMTR,3711,5073,1977,GEN MOTORS,HANDY & HARMAN LTD,221.7490005493164,0,118182.41796875,1,Directed
11255,3420,,GRAINGR,5000,5256,1977,GRAINGER INC,WAGNER (E.R.)MANUFACTURING,4.604000091552734,0,1501.334007263184,1,Directed
11138,3420,VERMONTAMERN,SEARS,5311,6307,1977,SEARS ROEBK,VERMONT AMERICAN  -CL A,81,283.7220001220703,57069.21704101563,.28549072,Directed
9121,3440,RIBLETOD,SKYLINE,2451,9761,1977,SKYLINE CORP,RIBLET PRODUCTS CORP,11.5179997086525,145.3779983520508,857.2460174560547,.079227939,Directed
10810,3440,FRANKFORTTOWERINDS,SEARS,5311,6307,1977,SEARS ROEBK,FRANKFORT TOWER INDS INC,1.465000033378601,274.8439979553223,29780.73193359375,.0053302967,Directed
7703,3442,,PENNEYJC,5311,8446,1977,PENNEY (JC),NATIONAL BRANDS INC,6.5,0,10845,1,Directed
10114,3443,STRUTHERSWELLS,GETTYOIL,2911,5148,1977,GETTY OIL,STRUTHERS WELLS CORP,5.883999824523926,50.5669994354248,3514.739990234375,.11636047,Directed
4305,3444,ELIXIRIND,FLEETWDENT,3716,4768,1977,FLEETWD ENT,ELIXIR INDUSTRIES,24.36599922180176,174.0419960021973,800.7590026855469,.14000069,Directed
2098,3448,,SHELLOIL,1311,9653,1977,SHELL OIL,BEAMAN CORP,2.213000059127808,0,11062.88305664063,1,Directed
2098,3448,,EXXON,2911,4503,1977,EXXON CORP,BEAMAN CORP,1.771999955177307,0,60335.015625,1,Directed
2457,3452,BUELLIND,CHRYSLER,3711,3022,1977,CHRYSLER CP,BUELL INDUSTRIES INC,38.03300094604492,56.76600074768066,13618.30200195313,.66999614,Directed
2457,3452,BUELLIND,FORDMTR,3711,4839,1977,FORD MOTOR,BUELL INDUSTRIES INC,0,56.76600074768066,42784.1015625,.1,Directed
2457,3452,BUELLIND,GENMTR,3711,5073,1977,GEN MOTORS,BUELL INDUSTRIES INC,0,56.76600074768066,63221.109375,.1,Directed
4250,3452,,GENMTR,3711,5073,1977,GEN MOTORS,ELCO INDUSTRIES INC,62.55600166320801,0,165363.42578125,1,Directed
4607,3452,,FORDMTR,3711,4839,1977,FORD MOTOR,FEDERAL SCREW WORKS,0,0,42784.1015625,1,Directed
4607,3452,,GENMTR,3711,5073,1977,GEN MOTORS,FEDERAL SCREW WORKS,27.20000076293945,0,63221.109375,1,Directed
7324,3452,,CHRYSLER,3711,3022,1977,CHRYSLER CP,MICHIGAN RIVET CORP,3.934999942779541,0,13618.30200195313,1,Directed
7324,3452,,FORDMTR,3711,4839,1977,FORD MOTOR,MICHIGAN RIVET CORP,5.10099983215332,0,42784.1015625,1,Directed
7324,3452,,GENMTR,3711,5073,1977,GEN MOTORS,MICHIGAN RIVET CORP,5.10099983215332,0,63221.109375,1,Directed
9984,3460,STANDARDALLIANCEIND,CATERPILLAR,3531,2817,1977,CATERPILLAR,STANDARD ALLIANCE INDUSTRIES,9.569999933242798,201.5639991760254,14438.39990234375,.047478717,Directed
11661,3460,,MOTOROLA,3663,7585,1977,MOTOROLA,YOUNGWOOD ELECTR METALS INC,0,0,2219.744018554688,1,Directed
2952,3460,CHECKERMTR,GENMTR,3711,5073,1977,GEN MOTORS,CHECKER MOTORS CORP,89.42300033569336,245.6069984436035,118182.41796875,.36408979,Directed
4967,3460,,FORDMTR,3711,4839,1977,FORD MOTOR,GRM INDUSTRIES INC,13.87399959564209,0,42784.1015625,1,Directed
4967,3460,,GENMTR,3711,5073,1977,GEN MOTORS,GRM INDUSTRIES INC,14.86100006103516,0,63221.109375,1,Directed
5758,3460,HOWELLIND,FORDMTR,3711,4839,1977,FORD MOTOR,HOWELL INDUSTRIES INC,24.15999984741211,30.2020001411438,42784.1015625,.79994702,Directed
5758,3460,HOWELLIND,GENMTR,3711,5073,1977,GEN MOTORS,HOWELL INDUSTRIES INC,3.624000072479248,30.2020001411438,63221.109375,.11999205,Directed
9162,3460,,FORDMTR,3711,4839,1977,FORD MOTOR,RIVERSIDE METAL PRODUCTS CO,15.76599979400635,0,42784.1015625,1,Directed
9162,3460,,GENMTR,3711,5073,1977,GEN MOTORS,RIVERSIDE METAL PRODUCTS CO,0,0,63221.109375,1,Directed
9984,3460,STANDARDALLIANCEIND,FORDMTR,3711,4839,1977,FORD MOTOR,STANDARD ALLIANCE INDUSTRIES,3.714999988675117,201.5639991760254,85568.203125,.01843087,Directed
9984,3460,STANDARDALLIANCEIND,GENMTR,3711,5073,1977,GENERAL MOTOR,STANDARD ALLIANCE INDUSTRIES,26.12599992752075,285.0599994659424,181403.52734375,.091650881,Directed
11682,3460,ZERODE,BOEING,3721,2285,1977,BOEING CO,ZERO CORP/DE,1.766999959945679,56.5580005645752,5463.000122070313,.031242264,Directed
11682,3460,ZERODE,MCDONNELDG,3721,7155,1977,MCDONNEL DG,ZERO CORP/DE,0,56.5580005645752,4130.280029296875,.1,Directed
6589,3460,,BUSMA,7370,6066,1977,INTL BUS MA,LANGLY CORP,5.527999877929688,0,55513.58862304688,1,Directed
11661,3460,,GENEL,9997,5047,1977,GEN EL,YOUNGWOOD ELECTR METALS INC,0,0,19653.7919921875,1,Directed
8636,3470,,RCA,3600,8889,1977,RCA CORP,PLATRONICS INC,.4079999923706055,0,6600.599975585938,1,Directed
2521,3490,REUNIONIND,SHELLOIL,1311,9653,1977,SHELL OIL,REUNION INDUSTRIES INC,14.6870002746582,164.4830017089844,11062.88305664063,.0892919,Directed
9474,3490,SCHWABSAFE,BARRYWRGHT,2522,2062,1977,BARRY WRGHT,SCHWAB SAFE INC,2.807999968528748,15.84100008010864,137.3749980926514,.17726153,Directed
2049,3490,BARNES,GENMTR,3711,5073,1977,GEN MOTORS,BARNES GROUP INC,33.09299850463867,287.7649993896484,54961.30859375,.11500008,Directed
6701,3490,AEROQUIPVICKERS,GENMTR,3711,5073,1977,GEN MOTORS,AEROQUIP-VICKERS INC,683.2900085449219,2085.820007324219,118182.41796875,.3275882,Directed
8358,3490,PARKERHANNIFIN,GENMTR,3711,5073,1977,GEN MOTORS,PARKER-HANNIFIN CORP,38.26499938964844,695.72900390625,63221.109375,.054999862,Directed
1747,3490,,GRUMMN,3721,5361,1977,GRUMMAN,ARKWIN INDUSTRIES INC,2.285999894142151,0,2854.751007080078,1,Directed
8358,3490,PARKERHANNIFIN,BOEING,3721,2285,1977,BOEING CO,PARKER-HANNIFIN CORP,15.30599975585938,695.72900390625,5463.000122070313,.021999944,Directed
1747,3490,,LOCKHEED,3760,6774,1977,LOCKHEED,ARKWIN INDUSTRIES INC,1.065999984741211,0,6857.799926757813,1,Directed
9474,3490,SCHWABSAFE,SEARS,5311,6307,1977,SEARS ROEBK,SCHWAB SAFE INC,1.150999993085861,15.84100008010864,57069.21704101563,.072659552,Directed
1747,3490,,GENEL,9997,5047,1977,GEN ELECTRIC,ARKWIN INDUSTRIES INC,4.113999843597412,0,37172.38623046875,1,Directed
11098,3490,,GENEL,9997,5047,1977,GEN EL,VALTEK INC,1.751000046730042,0,19653.7919921875,1,Directed
10048,3523,,FORDMTR,3711,4839,1977,FORD MOTOR,STEIGER TRACTOR INC,19.92000007629395,0,80625.609375,1,Directed
7624,3524,MURRAYOHIOMFG,SEARS,5311,6307,1977,SEARS ROEBK,MURRAY OHIO MFG CO,0,466.8870048522949,57069.21704101563,.1,Directed
7624,3524,MURRAYOHIOMFG,PENNEYJC,5311,8446,1977,PENNEY (JC),MURRAY OHIO MFG CO,0,466.8870048522949,20213.70300292969,.1,Directed
9234,3524,ROPER,SEARS,5311,6307,1977,SEARS ROEBK,ROPER CORP,319.8189926147461,1731.952056884766,119122.927734375,.18465811,Directed
9335,3531,SSPIND,CESSNAAIRC,3721,2898,1977,CESSNA AIRC,SSP INDUSTRIES,2.259999990463257,29.15100049972534,759.3540191650391,.077527359,Directed
9335,3531,SSPIND,MCDONNELDG,3721,7155,1977,MCDONNEL-DG,SSP INDUSTRIES,2.788000106811523,29.15100049972534,4130.280029296875,.095639944,Directed
9173,3533,,BUSMA,7370,6066,1977,INTL BUS MA,ROBBINS & MYERS INC,18.94000053405762,0,39209.2587890625,1,Directed
2802,3537,,HYSTER,3537,5816,1977,HYSTER CO,CASCADE CORP,14.31799983978271,0,592.1780090332031,1,Directed
4437,3537,,FORDMTR,3711,4839,1977,FORD MOTOR,ERICKSON CORP,9.930999994277954,0,109465.2065429688,1,Directed
9556,3540,,FORDMTR,3711,4839,1977,FORD MOTOR,SPX CORP-OLD,45.16600036621094,0,80625.609375,1,Directed
9556,3540,,GENMTR,3711,5073,1977,GEN MOTORS,SPX CORP-OLD,117.818000793457,0,118182.41796875,1,Directed
10219,3540,,BENDIX,3714,2157,1977,BENDIX CORP,SWEITZER HOLDINGS INC,7.954999923706055,0,9917.300109863281,1,Directed
2241,3540,,GENDYNAMCS,3721,5046,1977,GEN DYNAMICS,BIRDSBORO CORP,8.283000230789185,0,6106.389953613281,1,Directed
5181,3541,GLEASON,FORDMTR,3711,4839,1977,FORD MOTOR,GLEASON CORP,16.89999961853027,190.628002166748,42784.1015625,.088654339,Directed
5181,3541,GLEASON,GENMTR,3711,5073,1977,GEN MOTORS,GLEASON CORP,14,190.628002166748,63221.109375,.073441468,Directed
7580,3541,,GENMTR,3711,5073,1977,GENERAL MOTOR,MOTCH & MERRYWEATHER MCHY CO,28.33000087738037,0,118182.41796875,1,Directed
11081,3541,,GENMTR,3711,5073,1977,GEN MOTORS,VALERON CORP,12.68299961090088,0,54961.30859375,1,Directed
6503,3555,,FORDMTR,3711,4839,1977,FORD MOTOR,KROY INC,2.780999898910522,0,42784.1015625,1,Directed
6503,3555,,BUSMA,7370,6066,1977,INTL BUS MA,KROY INC,3.29200005531311,0,21076.08203125,1,Directed
1103,3559,ACMEECISIONOD,CHRYSLER,3711,3022,1977,CHRYSLER CP,ACME PRECISION PRODUCTS INC,4.699999809265137,11.13499999046326,13618.30200195313,.4220925,Directed
1103,3559,ACMEECISIONOD,GENMTR,3711,5073,1977,GEN MOTORS,ACME PRECISION PRODUCTS INC,1.200000047683716,11.13499999046326,63221.109375,.1077683,Directed
8927,3559,,MCDONNELDG,3721,7155,1977,MCDONNEL DG,RAGEN CORP,1.825999975204468,0,7675.078002929688,1,Directed
1704,3559,,BUSMA,7370,6066,1977,INTL BUS MA,APPLIED MATERIALS INC,3.618000030517578,0,21076.08203125,1,Directed
8927,3559,,BUSMA,7370,6066,1977,INTL BUS MA,RAGEN CORP,2.347000002861023,0,39209.2587890625,1,Directed
11349,3560,,GRACEWR,2810,5250,1977,GRACE (WR),WELDOTRON CORP,2.480000019073486,0,4448.184020996094,1,Directed
10777,3560,TWINDISC,CATERPILLAR,3531,2817,1977,CATERPILLAR,TWIN DISC INC,22.70100021362305,151.3400001525879,7219.199951171875,.15000001,Directed
3885,3560,,GENDYNAMCS,3721,5046,1977,GEN DYNAMCS,DESIGNATRONICS INC,0,0,3205.205017089844,1,Directed
11302,3560,,BUSMA,7370,6066,1977,INTL BUS MA,WSI INDUSTRIES INC,4.41700005531311,0,39209.2587890625,1,Directed
8463,3561,,HOBART,3559,5654,1977,HOBART CORP,PENTAIR PLC,30.28600120544434,0,1019.141998291016,1,Directed
9968,3561,STARITEIND,SEARS,5311,6307,1977,SEARS ROEBK,STA-RITE INDUSTRIES,41.84799957275391,227.1509990692139,57069.21704101563,.18422987,Directed
7822,3562,,RAYTHEON,3812,8972,1977,RAYTHEON CO,NETWORKS ELECTRONICS CORP,.6290000081062317,0,3239.302062988281,1,Directed
9813,3564,,AMAX,3334,1365,1977,AMAX INC,SONIC ENVIRONMENTAL SYS,.3050000071525574,0,1727.289978027344,1,Directed
3910,3564,,BUSMA,7370,6066,1977,INTL BUS MA,DEXON INC,.628000020980835,0,21076.08203125,1,Directed
4585,3569,,GENMTR,3711,5073,1977,GEN MOTORS,FARR CO,5.624000072479248,0,118182.41796875,1,Directed
8423,3569,,GENEL,9997,5047,1977,GEN EL,PMFG INC,1.700000047683716,0,19653.7919921875,1,Directed
7490,3571,MODULARCMPSYS,ALUMINUM,3442,6053,1977,ALUMINUM CP,MODULAR COMPUTER SYSTEMS,0,64.51699924468994,87.00799942016602,.1,Directed
3866,3571,,BOEING,3721,2285,1977,BOEING CO,DENELCOR INC,.2339999973773956,0,5463.000122070313,1,Directed
3866,3571,,GENEL,9997,5047,1977,GEN EL,DENELCOR INC,.1669999957084656,0,19653.7919921875,1,Directed
4781,3571,,GENEL,9997,5047,1977,GEN EL,FLOATING POINT SYSTEMS INC,7.249000072479248,0,19653.7919921875,1,Directed
1701,3575,APPLIEDDIGITALDATASYS,NCR,7370,7648,1977,NCR CORP,APPLIED DIGITAL DATA SYSTEMS,17.68600082397461,45.51900100708008,2610.52001953125,.38854107,Directed
4012,3577,DOCUMATION,DIGITALEQ,3570,3955,1977,DIGITAL EQ CP,DOCUMATION INC,1.799000024795532,58.72100067138672,1436.56201171875,.0306364,Directed
6840,3577,LUNDYELTSYS,FORDMTR,3711,4839,1977,FORD MOTOR,LUNDY ELECTRONICS & SYSTEMS,1.432999968528748,15.14700031280518,42784.1015625,.094606191,Directed
4012,3577,DOCUMATION,NCR,7370,7648,1977,NCR CORP,DOCUMATION INC,1.577999949455261,58.72100067138672,2610.52001953125,.026872838,Directed
6840,3577,LUNDYELTSYS,NCR,7370,7648,1977,NCR CORP,LUNDY ELECTRONICS & SYSTEMS,4.978999972343445,32.55100011825562,4922.458984375,.15295997,Directed
3781,3577,,GENEL,9997,5047,1977,GEN EL,DATAMETRICS CORP,2.801999926567078,0,37172.38623046875,1,Directed
1126,3578,,NCR,7370,7648,1977,NCR CORP,ADDMASTER CORP,2.546000003814697,0,4922.458984375,1,Directed
8260,3580,,THIOKOL,2820,10538,1977,THIOKOL CORP,PACIFIC ENGR & PRODTN CO-NV,.6000000238418579,0,470.2059936523438,1,Directed
3450,3580,,SEARS,5311,6307,1977,SEARS ROEBK,CONTICO INTERNATIONAL INC,11.28299999237061,0,57069.21704101563,1,Directed
7178,3585,,CATERPILLAR,3531,2817,1977,CATERPILLAR,MCQUAY INC,56.52699899673462,0,36220.7998046875,1,Directed
10334,3585,TANNETICS,WHIROOL,3630,11465,1977,WHIRLPOOL,TANNETICS INC,1.47599995136261,82.00899887084961,2082.882019042969,.017998025,Directed
10386,3585,TECUMSEHOD,WHIROOL,3630,11465,1977,WHIRLPOOL,TECUMSEH PRODUCTS CO,52.52399826049805,650.4580078125,1936.5849609375,.080749251,Directed
3710,3585,,WINNDIXIE,5411,11535,1977,WINN DIXIE,DADE ENGINEERING CORP,.8999999761581421,0,8440.953979492188,1,Directed
10334,3585,TANNETICS,GENEL,9997,5047,1977,GEN EL,TANNETICS INC,1.66100001335144,82.00899887084961,19653.7919921875,.020253874,Directed
6364,3612,,GOODRICH,3728,5229,1977,GOODRICH CO,KEARNEY NATIONAL INC,0,0,2593.532958984375,1,Directed
1099,3612,,SEARS,5311,6307,1977,SEARS ROEBK,ACME ELECTRIC CORP,6.526000022888184,0,29780.73193359375,1,Directed
1099,3612,,BUSMA,7370,6066,1977,INTL BUS MA,ACME ELECTRIC CORP,7.440999984741211,0,21076.08203125,1,Directed
4285,3613,,JEANNETTE,3231,6238,1977,JEANNETTE CP,ELECTRONIC CONTROL SYS INC,.7669999897480011,0,89.17199897766113,1,Directed
4199,3620,EATON,FORDMTR,3711,4839,1977,FORD MOTOR CO,EATON CORP PLC,300,2110.899993896484,37841.5078125,.14211948,Directed
4464,3620,,GENMTR,3711,5073,1977,GEN MOTORS,EUCLID EQUIPMENT INC,3.416000008583069,0,118182.41796875,1,Directed
11287,3620,,CHRYSLER,3711,3022,1977,CHRYSLER CP,WARNER ELEC BRAKE & CLUTCH,30.09099960327148,0,26676.90185546875,1,Directed
11580,3620,,GENEL,9997,5047,1977,GEN EL,WOODWARD INC,18.39800071716309,0,19653.7919921875,1,Directed
9771,3630,SMITHAO,GENMTR,3711,5073,1977,GEN MOTORS,SMITH (A.O.),730.6449890136719,1533.809005737305,118182.41796875,.47635981,Directed
8743,3630,,SEARS,5311,6307,1977,SEARS ROEBK,PREWAY INC,29.88399982452393,0,57069.21704101563,1,Directed
11465,3630,WHIROOL,SEARS,5311,6307,1977,SEARS ROEBK,WHIRLPOOL CORP,2108.026000976563,4019.466979980469,57069.21704101563,.52445412,Directed
8196,3634,,SEARS,5311,6307,1977,SEARS ROEBK,OSROW PRODUCTS CORP,1.654000043869019,0,29780.73193359375,1,Directed
8196,3634,,PENNEYJC,5311,8446,1977,PENNEY (JC),OSROW PRODUCTS CORP,1.101999998092651,0,10845,1,Directed
9410,3651,,SEARS,5311,6307,1977,SEARS ROEBK,SANYO MANUFACTURING CORP,132.1699981689453,0,29780.73193359375,1,Directed
1098,3661,ACMECLEVELAND,FORDMTR,3711,4839,1977,FORD MOTOR,ACME-CLEVELAND CORP,94.40000009536743,579.0179977416992,85568.203125,.16303466,Directed
1098,3661,ACMECLEVELAND,GENMTR,3711,5073,1977,GEN MOTORS,ACME-CLEVELAND CORP,0,579.0179977416992,126442.21875,.1,Directed
11200,3661,,PLESSEY,3812,8643,1977,PLESSEY CO,VISUAL SCIENCES INC,.6809999942779541,0,1342,1,Directed
8844,3661,,SAVIN,5040,9434,1977,SAVIN CORP,QT&T INC,.0790000036358833,0,290.9349975585938,1,Directed
1013,3661,,BUSMA,7370,6066,1977,INTL BUS MA,ADC TELECOMMUNICATIONS INC,2.700000047683716,0,21076.08203125,1,Directed
9212,3663,,UNIONCARBIDE,2860,10857,1977,UNION CARBIDE,RODALE ELECTRONICS INC,3.003999918699265,0,15739.39990234375,1,Directed
4575,3663,,EXECUTONE,3663,4487,1977,EXECUTONE INC,FARINON CORP,6.783999919891357,0,43.54399967193604,1,Directed
1281,3663,ALLENTELOM,CHRYSLER,3711,3022,1977,CHRYSLER CP,ALLEN TELECOM INC,7.946000099182129,280.4400024414063,13058.59985351563,.028334046,Directed
1281,3663,ALLENTELOM,FORDMTR,3711,4839,1977,FORD MOTOR,ALLEN TELECOM INC,42.03600025177002,882.0540008544922,123409.7109375,.047656946,Directed
1281,3663,ALLENTELOM,GENMTR,3711,5073,1977,GEN MOTORS,ALLEN TELECOM INC,35.56799983978271,581.2470016479492,118182.41796875,.061192572,Directed
1281,3663,ALLENTELOM,PACCAR,3711,8253,1977,PACCAR,ALLEN TELECOM INC,7.322999954223633,300.806999206543,1551.5830078125,.024344513,Directed
7290,3663,METEX,CHRYSLER,3711,3022,1977,CHRYSLER CP,METEX CORP,4.383000135421753,35.12600016593933,26676.90185546875,.12477937,Directed
7290,3663,METEX,FORDMTR,3711,4839,1977,FORD MOTOR,METEX CORP,9.608000040054321,35.12600016593933,80625.609375,.27352959,Directed
4279,3663,,TRW,3714,10301,1977,TRW INC,EMS TECHNOLOGIES INC,0,0,3787.248046875,1,Directed
6449,3663,KINGRADIO,BEECHAIRC,3721,2114,1977,BEECH AIRCRFT,KING RADIO CORP,12.38700008392334,137.4609985351563,944.9300079345703,.090112835,Directed
6449,3663,KINGRADIO,PIPERAIRC,3724,8602,1977,PIPER AIRCRFT,KING RADIO CORP,9.77299976348877,57.58399963378906,267.6380004882813,.16971728,Directed
4279,3663,,GENEL,9997,5047,1977,GEN EL,EMS TECHNOLOGIES INC,4.227999925613403,0,37172.38623046875,1,Directed
11161,3669,VICONIND,RCA,3600,8889,1977,RCA CORP,VICON INDUSTRIES INC,1.649999976158142,10.05199980735779,6600.599975585938,.16414644,Directed
4319,3669,,PENNEYJC,5311,8446,1977,PENNEY (JC),EMDEKO INTERNATIONAL INC,4.471000075340271,0,28567.50305175781,1,Directed
3098,3670,CLAROSTATMNUF,TEKTRONIX,3825,10391,1977,TEKTRONIX,CLAROSTAT MANUF CO INC,1.991000056266785,15.92399978637695,786.9360046386719,.12503141,Directed
2577,3670,CTS,BUSMA,7370,6066,1977,INTL BUS MA,CTS CORP,18.14399909973145,164.8200035095215,21076.08203125,.11008372,Directed
5831,3672,,XEROX,3577,11636,1977,XEROX CORP,IEC ELECTRONICS CORP,1.506999969482422,0,11115.30004882813,1,Directed
1137,3672,,LEARSIEGLER,3812,6628,1977,LEAR SIEGLER,ADVANCE CIRCUITS INC,1.680999994277954,0,2769.759017944336,1,Directed
7579,3674,MOSTEK,DIGITALEQ,3570,3955,1977,DIGITAL EQ CP,MOSTEK CORP,11.1269998550415,85.58699798583984,1058.613998413086,.13000806,Directed
9999,3674,,DIGITALEQ,3570,3955,1977,DIGITAL EQ,STANDARD MICROSYSTEMS CORP,1.358999967575073,0,1436.56201171875,1,Directed
6139,3674,INTERSIL,MEMOREX,3572,7244,1977,MEMOREX CORP,INTERSIL INC NEW,13.68099975585938,184.7329998016357,1083.377998352051,.074058235,Directed
7330,3674,,INTEL,3674,6008,1977,INTEL CORP,MICRO MASK INC,1.597000002861023,0,400.6199951171875,1,Directed
7330,3674,,MOSTEK,3674,7579,1977,MOSTEK CORP,MICRO MASK INC,2.859999895095825,0,134.0130004882813,1,Directed
9598,3674,,RAYTHEON,3812,8972,1977,RAYTHEON CO,SEMICON INC,1.700000047683716,0,3239.302062988281,1,Directed
1512,3674,AMERNMCROSYS,TEKTRONIX,3825,10391,1977,TEKTRONIX,AMERICAN MICROSYSTEMS,8.534000396728516,80.40900039672852,786.9360046386719,.1061324,Directed
1512,3674,AMERNMCROSYS,BUSMA,7370,6066,1977,INTL BUS MA,AMERICAN MICROSYSTEMS,9.244999885559082,80.40900039672852,21076.08203125,.11497469,Directed
7291,3678,,CHRYSLER,3711,3022,1977,CHRYSLER CORP,METHODE ELECTRONICS INC,3.473999977111816,0,13618.30200195313,1,Directed
4639,3679,,GILLETTE,3420,5169,1977,GILLETTE CO,FIFTH DIMENSION INC,.3790000081062317,0,1491.505981445313,1,Directed
3300,3679,,SPERRY,3570,9947,1977,SPERRY CORP,COMPUTER & COMMUN TECHNOLOGY,5.044000148773193,0,4179.318969726563,1,Directed
5448,3679,,SPERRY,3570,9947,1977,SPERRY CORP,HAMILTON DIGITAL CONTROL INC,.871999979019165,0,4179.318969726563,1,Directed
8727,3679,,SPERRY,3570,9947,1977,SPERRY CORP,PREMIER MICROWAVE CORP,.734000027179718,0,4179.318969726563,1,Directed
1703,3679,APPLIEDMNETICS,STORETEC,3572,10097,1977,STORAGE TEC,APPLIED MAGNETICS CORP,9.149999618530273,71.88000011444092,300.4249992370605,.12729549,Directed
3300,3679,,MEMOREX,3572,7244,1977,MEMOREX CP,COMPUTER & COMMUN TECHNOLOGY,3.846999883651733,0,450.1119918823242,1,Directed
3300,3679,,STORETEC,3572,10097,1977,STORAGE TEC,COMPUTER & COMMUN TECHNOLOGY,3.04800009727478,0,300.4249992370605,1,Directed
3300,3679,,XEROX,3577,11636,1977,XEROX CORP,COMPUTER & COMMUN TECHNOLOGY,3.595999956130981,0,5082,1,Directed
4962,3679,GTI,CHRYSLER,3711,3022,1977,CHRYSLER CP,GTI CORP,4.070000052452087,34.40499997138977,26676.90185546875,.11829676,Directed
9922,3679,SPARTON,GENMTR,3711,5073,1977,GEN MOTORS,SPARTON CORP,12.10000038146973,79.05299949645996,63221.109375,.15306188,Directed
4467,3679,,MCDONNELDG,3721,7155,1977,MCDONNEL DG,EVANS & SUTHERLAND CMP CORP,.4339999854564667,0,4130.280029296875,1,Directed
4639,3679,,LOCKHEED,3760,6774,1977,LOCKHEED CP,FIFTH DIMENSION INC,.1589999981224537,0,10060.49993896484,1,Directed
8727,3679,,RAYTHEON,3812,8972,1977,RAYTHEON CO,PREMIER MICROWAVE CORP,.8489999771118164,0,3239.302062988281,1,Directed
5652,3679,,MEDTRONIC,3845,7228,1977,MEDTRONIC,HITTMAN CORP,0,0,406.2679977416992,1,Directed
5448,3679,,BUSMA,7370,6066,1977,INTL BUS MA,HAMILTON DIGITAL CONTROL INC,.796999990940094,0,21076.08203125,1,Directed
4639,3679,,GENEL,9997,5047,1977,GEN EL,FIFTH DIMENSION INC,.3220000043511391,0,33215.89428710938,1,Directed
6157,3690,,3M,2670,7435,1977,3M,INTROL CORP,.8360000252723694,0,4661.666015625,1,Directed
11310,3690,,STORETEC,3572,10097,1977,STORAGE TEC,ZAREBA SYSTEMS INC,0,0,300.4249992370605,1,Directed
7619,3690,MURPHYIND,CHRYSLER,3711,3022,1977,CHRYSLER CP,MURPHY INDUSTRIES INC,8.262999534606934,65.73499965667725,13618.30200195313,.12570168,Directed
7619,3690,MURPHYIND,FORDMTR,3711,4839,1977,FORD MOTOR,MURPHY INDUSTRIES INC,15.98200035095215,65.73499965667725,42784.1015625,.24312772,Directed
7619,3690,MURPHYIND,PACCAR,3711,8253,1977,PACCAR,MURPHY INDUSTRIES INC,6.039000034332275,65.73499965667725,1551.5830078125,.09186887,Directed
9462,3690,SCHILLERIND,GENMTR,3711,5073,1977,GEN MOTORS,SCHILLER INDUSTRIES,9.820000171661377,28.03400015830994,118182.41796875,.35028893,Directed
3601,3690,,BUSMA,7370,6066,1977,INTL BUS MA,CRESTEK INC,.9620000272989273,0,55513.58862304688,1,Directed
11310,3690,,BUSMA,7370,6066,1977,INTL BUS MA,ZAREBA SYSTEMS INC,2,0,21076.08203125,1,Directed
4838,3711,FORDMTROFCDA,FORDMTR,3711,4839,1977,FORD MOTOR,FORD MOTOR CO OF CANADA LTD,2447,5789.799926757813,42784.1015625,.42263982,Directed
1786,3714,ARVININD,FORDMTR,3711,4839,1977,FORD MOTOR,ARVIN INDUSTRIES INC,142.1109924316406,489.0790023803711,42784.1015625,.29056859,Directed
1786,3714,ARVININD,GENMTR,3711,5073,1977,GEN MOTORS,ARVIN INDUSTRIES INC,88.60600280761719,489.0790023803711,63221.109375,.18116911,Directed
2157,3714,BENDIX,FORDMTR,3711,4839,1977,FORD MOTOR,BENDIX CORP,419.1000061035156,3649.300048828125,42784.1015625,.11484394,Directed
2343,3714,,FORDMTR,3711,4839,1977,FORD MOTOR,BOWLES FLUIDICS CORP,.1019999980926514,0,42784.1015625,1,Directed
2372,3714,BRAUNENGINEERING,CHRYSLER,3711,3022,1977,CHRYSLER CORP,BRAUN ENGINEERING,16.1419997215271,100.202000617981,26676.90185546875,.16109459,Directed
2372,3714,BRAUNENGINEERING,FORDMTR,3711,4839,1977,FORD MOTOR,BRAUN ENGINEERING,24.65799999237061,100.202000617981,80625.609375,.24608292,Directed
2372,3714,BRAUNENGINEERING,GENMTR,3711,5073,1977,GEN MOTORS,BRAUN ENGINEERING,29.53800010681152,100.202000617981,118182.41796875,.29478455,Directed
3685,3714,,FORDMTR,3711,4839,1977,FORD MOTOR,D A B INDUSTRIES INC,16.94999980926514,0,80625.609375,1,Directed
3685,3714,,GENMTR,3711,5073,1977,GEN MOTORS,D A B INDUSTRIES INC,38.23600006103516,0,118182.41796875,1,Directed
3734,3714,DANA,FORDMTR,3711,4839,1977,FORD MOTOR,DANA INC,513.9879760742188,2253,42784.1015625,.22813492,Directed
3734,3714,DANA,GENMTR,3711,5073,1977,GEN MOTORS,DANA INC,380.2659912109375,2253,63221.109375,.16878207,Directed
4168,3714,ELEPICHER,FORDMTR,3711,4839,1977,FORD MOTOR,EAGLE-PICHER INC,63.5,526.4980163574219,42784.1015625,.12060824,Directed
4168,3714,ELEPICHER,GENMTR,3711,5073,1977,GEN MOTORS,EAGLE-PICHER INC,56.40000152587891,526.4980163574219,63221.109375,.10712291,Directed
4920,3714,KH,CHRYSLER,3711,3022,1977,CHRYSLER CP,K-H CORP,0,1796.892028808594,13058.59985351563,.1,Directed
4920,3714,KH,FORDMTR,3711,4839,1977,FORD MOTOR,K-H CORP,768.4000244140625,4041.404998779297,80625.609375,.1901319,Directed
4920,3714,KH,GENMTR,3711,5073,1977,GEN MOTORS,K-H CORP,177,4041.404998779297,118182.41796875,.043796651,Directed
6080,3714,GENIND,FORDMTR,3711,4839,1977,FORD MOTOR CO,INTL GENERAL INDUSTRIES INC,23,182.1319980621338,80625.609375,.12628204,Directed
6482,3714,,CHRYSLER,3711,3022,1977,CHRYSLER CP,KNUSAGA CORP,0,0,13618.30200195313,1,Directed
7873,3714,COR,FORDMTR,3711,4839,1977,FORD MOTOR,NEWCOR INC,14,43.48099994659424,42784.1015625,.3219797,Directed
7873,3714,COR,GENMTR,3711,5073,1977,GEN MOTORS,NEWCOR INC,9,43.48099994659424,63221.109375,.20698696,Directed
7929,3714,NORRISIND,GENMTR,3711,5073,1977,GEN MOTORS,NORRIS INDUSTRIES INC -OLD,193,1197.811004638672,118182.41796875,.16112725,Directed
9300,3714,RYERSONHAYNES,CHRYSLER,3711,3022,1977,CHRYSLER CP,RYERSON & HAYNES INC,.4650000035762787,11.64199995994568,13618.30200195313,.03994159,Directed
9300,3714,RYERSONHAYNES,FORDMTR,3711,4839,1977,FORD MOTOR,RYERSON & HAYNES INC,2.793999910354614,11.64199995994568,42784.1015625,.23999313,Directed
9300,3714,RYERSONHAYNES,GENMTR,3711,5073,1977,GEN MOTORS,RYERSON & HAYNES INC,8.380999565124512,11.64199995994568,63221.109375,.71989346,Directed
9656,3714,SHELLERGLOBE,CHRYSLER,3711,3022,1977,CHRYSLER CP,SHELLER-GLOBE,81.5,600.3079986572266,13618.30200195313,.13576365,Directed
9656,3714,SHELLERGLOBE,FORDMTR,3711,4839,1977,FORD MOTOR,SHELLER-GLOBE,138.8000030517578,600.3079986572266,42784.1015625,.23121464,Directed
9656,3714,SHELLERGLOBE,GENMTR,3711,5073,1977,GEN MOTORS,SHELLER-GLOBE,77.40000152587891,600.3079986572266,63221.109375,.12893382,Directed
9742,3714,,FORDMTR,3711,4839,1977,FORD MOTOR,SIMPSON INDUSTRIES,46.05099868774414,0,42784.1015625,1,Directed
9742,3714,,GENMTR,3711,5073,1977,GEN MOTORS,SIMPSON INDUSTRIES,22.34099960327148,0,63221.109375,1,Directed
9886,3714,,FORDMTR,3711,4839,1977,FORD MOTOR,SOUTHWEST FACTORIES,17.15899991989136,0,80625.609375,1,Directed
10004,3714,STANDARDOD,CHRYSLER,3711,3022,1977,CHRYSLER CP,STANDARD PRODUCTS CO,0,173.4980010986328,13618.30200195313,.1,Directed
10004,3714,STANDARDOD,FORDMTR,3711,4839,1977,FORD MOTOR,STANDARD PRODUCTS CO,0,173.4980010986328,42784.1015625,.1,Directed
10004,3714,STANDARDOD,GENMTR,3711,5073,1977,GEN MOTORS,STANDARD PRODUCTS CO,91.95400238037109,173.4980010986328,63221.109375,.53000033,Directed
10301,3714,TRW,FORDMTR,3711,4839,1977,FORD MOTOR,TRW INC,526.0999908447266,9980.205078125,109465.2065429688,.052714348,Directed
10301,3714,TRW,GENMTR,3711,5073,1977,GEN MOTORS,TRW INC,531.7319946289063,9980.205078125,165363.42578125,.053278666,Directed
10732,3714,,FORDMTR,3711,4839,1977,FORD MOTOR,TRICO PRODUCTS CORP,76.85900115966797,0,42784.1015625,1,Directed
10732,3714,,GENMTR,3711,5073,1977,GEN MOTORS,TRICO PRODUCTS CORP,0,0,63221.109375,1,Directed
11219,3714,VOPLEX,GENMTR,3711,5073,1977,GEN MOTORS,VOPLEX CORP,43.11700057983398,67.64999961853027,118182.41796875,.63735402,Directed
8046,3714,OEA,MCDONNELDG,3721,7155,1977,MCDONNEL DG,OEA INC,2.141999959945679,15.08099961280823,4130.280029296875,.14203303,Directed
4475,3714,EXCELLO,UTDTECHS,3724,10983,1977,UTD TECHS,EX-CELL-O CORP,96.97799682617188,729.7920074462891,6265.317993164063,.13288443,Directed
10301,3714,TRW,UTDTECHS,3724,10983,1977,UTD TECHS,TRW INC,381.8840103149414,9980.205078125,16982.25219726563,.038264144,Directed
4204,3714,ECHLIN,GENUINPART,5013,5125,1977,GENUIN PART,ECHLIN INC,51.76499938964844,278.3039932250977,1178.782989501953,.18600164,Directed
11561,3714,,GENUINPART,5013,5125,1977,GENUINE PARTS,WIX CORP,56.14600086212158,0,3033.018005371094,1,Directed
6072,3715,CONTROLS,RAYTHEON,3812,8972,1977,RAYTHEON,INTL CONTROLS CORP-OLD,1.999000012874603,148.548999786377,5281.034057617188,.013456839,Directed
11222,3721,,BOEING,3721,2285,1977,BOEING CO,VOUGHT CORP,48.59999847412109,0,5463.000122070313,1,Directed
6926,3724,MACRODYNEINDS,EXCELLO,3714,4475,1977,EX-CELL-O,MACRODYNE INDS,2.983999967575073,14.23000001907349,729.7920074462891,.20969781,Directed
10878,3724,UTDAIRCOD,MCDONNELDG,3721,7155,1977,MCDONNEL DG,UNITED AIRCRAFT PRODUCTS INC,2.885999917984009,16.03599977493286,4130.280029296875,.17997007,Directed
1005,3724,ABAIND,UTDTECHS,3724,10983,1977,UTD TECHS,A.B.A. INDUSTRIES INC,4.099999904632568,8.184999942779541,6265.317993164063,.5009163,Directed
10878,3724,UTDAIRCOD,UTDTECHS,3724,10983,1977,UTD TECHS,UNITED AIRCRAFT PRODUCTS INC,2.085000038146973,16.03599977493286,6265.317993164063,.13001996,Directed
5567,3724,HEICO,FISHRSCI,5040,13204,1977,FISHER SCIEN,HEICO CORP,1.61300003528595,20.94300019741058,569.7620124816895,.077018574,Directed
6926,3724,MACRODYNEINDS,GENEL,9997,5047,1977,GEN EL,MACRODYNE INDS,6.462999820709229,14.23000001907349,19653.7919921875,.45418128,Directed
10878,3724,UTDAIRCOD,GENEL,9997,5047,1977,GEN EL,UNITED AIRCRAFT PRODUCTS INC,2.404999971389771,16.03599977493286,19653.7919921875,.14997506,Directed
1159,3728,AERONCA,BOEING,3721,2285,1977,BOEING CO,AERONCA INC,21.97300004959106,79.77899980545044,9481.845153808594,.27542335,Directed
1159,3728,AERONCA,MCDONNELDG,3721,7155,1977,MCDONNEL DG,AERONCA INC,8.215000152587891,79.77899980545044,7675.078002929688,.10297196,Directed
2905,3728,,MCDONNELDG,3721,7155,1977,MCDONNEL DG,CHALCO INDUSTRIES INC,.6140000224113464,0,4130.280029296875,1,Directed
3604,3728,CRITON,BOEING,3721,2285,1977,BOEING CO,CRITON CORP,9.003000259399414,157.6180038452148,5463.000122070313,.057119112,Directed
3604,3728,CRITON,MCDONNELDG,3721,7155,1977,MCDONNEL DG,CRITON CORP,0,157.6180038452148,4130.280029296875,.1,Directed
7549,3728,MOOG,MCDONNELDG,3721,7155,1977,MCDONNEL DG,MOOG INC  -CL A,16,92.48999977111816,4130.280029296875,.17299168,Directed
9218,3728,ROHR,BOEING,3721,2285,1977,BOEING CO,ROHR INC,89.61399841308594,299.0429992675781,5463.000122070313,.29966927,Directed
9218,3728,ROHR,GRUMMN,3721,5361,1977,GRUMMAN CP,ROHR INC,48.43999862670898,299.0429992675781,1455.447998046875,.16198339,Directed
9218,3728,ROHR,MCDONNELDG,3721,7155,1977,MCDONNEL DG,ROHR INC,31.48600006103516,299.0429992675781,4130.280029296875,.10528921,Directed
2905,3728,,LOCKHEED,3760,6774,1977,LOCKHEED CP,CHALCO INDUSTRIES INC,.3799999952316284,0,3484.999938964844,1,Directed
9218,3728,ROHR,LOCKHEED,3760,6774,1977,LOCKHEED CP,ROHR INC,31.48600006103516,299.0429992675781,3484.999938964844,.10528921,Directed
9697,3728,SIERRACIN,LOCKHEED,3760,6774,1977,LOCKHEED CP,SIERRACIN CORP,5.88100004196167,48.22400045394897,6857.799926757813,.12195172,Directed
3795,3728,,RAYTHEON,3812,8972,1977,RAYTHEON CO,DATRON SYSTEMS INC,3.726999998092651,0,5281.034057617188,1,Directed
1588,3728,,GENEL,9997,5047,1977,GEN EL,AMERICAN WELDING & MFG CO,0,0,19653.7919921875,1,Directed
3662,3728,CURTISSWRGHT,GENEL,9997,5047,1977,GEN EL,CURTISS-WRIGHT CORP,100.9500030353665,2904.689002990723,152517.369140625,.034754153,Directed
8717,3728,,GENEL,9997,5047,1977,GEN EL,PRECISION CASTPARTS CORP,21.97999954223633,0,19653.7919921875,1,Directed
11252,3728,WADELLEQ,GENEL,9997,5047,1977,GEN EL,WADELL EQUIPMENT CO INC,.367000013589859,4.246000021696091,37172.38623046875,.086434297,Directed
5018,3760,AEROJETROCKETDYNE,GENMTR,3711,5073,1977,GEN MOTORS,AEROJET ROCKETDYNE HOLDINGS,249.4720001220703,2199.220031738281,63221.109375,.11343658,Directed
10989,3812,,DATEN,3570,3760,1977,DATA GENL,UNITED TELECONTROL ELECTRS,.843999981880188,0,379.9480056762695,1,Directed
1173,3812,,CESSNAAIRC,3721,2898,1977,CESSNA AIRC,AEROSONIC CORP,.8019999861717224,0,759.3540191650391,1,Directed
5535,3812,HAZELTINE,BOEING,3721,2285,1977,BOEING CO,HAZELTINE CORP,22.53999996185303,201.7170009613037,9481.845153808594,.11174071,Directed
6028,3812,,BEECHAIRC,3721,2114,1977,BEECH AIRCR,INTERCONTINENTAL DYNAMICS,1.580000042915344,0,527.510009765625,1,Directed
7985,3812,NORTHROPGRUMMN,BOEING,3721,2285,1977,BOEING CO,NORTHROP GRUMMAN CORP,129.400997877121,3659.678039550781,10926.00024414063,.035358574,Directed
6807,3812,LORAL,LOCKHEED,3760,6774,1977,LOCKHEED CP,LORAL CORP,9.008000373840332,130.8269996643066,3484.999938964844,.068854295,Directed
9694,3812,,BUSMA,7370,6066,1977,INTL BUS MA,SIERRA RESEARCH CORP,13.90000009536743,0,39209.2587890625,1,Directed
9490,3821,,FISHRSCI,5040,13204,1977,FISHR SCIEN,SCIENTIFIC INDUSTRIES INC,0,0,301.7940063476563,1,Directed
9769,3823,,BUSMA,7370,6066,1977,INTL BUS MA,SLOAN TECHNOLOGY CORP,.699999988079071,0,21076.08203125,1,Directed
4262,3825,,KINGRADIO,3663,6449,1977,KING RADIO,ELECTRICAL PRECISION METER,2.102999955415726,0,185.3699979782104,1,Directed
4900,3825,FREQUENCYELT,TRW,3714,10301,1977,TRW INC,FREQUENCY ELECTRONICS INC,.9909999966621399,5.626999855041504,3787.248046875,.17611517,Directed
8548,3825,,GENEL,9997,5047,1977,GEN EL,PHILLIPS CONTROL CORP,.0850000008940697,0,19653.7919921875,1,Directed
1778,3826,,FISHRSCI,5040,13204,1977,FISHR SCIEN,ARTEK SYSTEMS CORP,.2840000092983246,0,301.7940063476563,1,Directed
8189,3826,,FISHRSCI,5040,13204,1977,FISHR SCIEN,ORION RESEARCH INC,1.659999966621399,0,301.7940063476563,1,Directed
9929,3826,SPECTRAPHYSICS,NCR,7370,7648,1977,NCR CORP,SPECTRA-PHYSICS,4.624000072479248,66.09400081634521,2610.52001953125,.069960967,Directed
8054,3827,,SPERRY,3570,9947,1977,SPERRY CORP,OPT-SCIENCES CORP,.3059999942779541,0,4179.318969726563,1,Directed
11118,3827,VARO,RCA,3600,8889,1977,RCA CORP,VARO INC,19.49600028991699,156.508996963501,12481.5,.12456792,Directed
8163,3827,,BUSMA,7370,6066,1977,INTL BUS MA,OPTICAL COATING LAB INC,0,0,21076.08203125,1,Directed
7183,3829,,FORDMTR,3711,4839,1977,FORD MOTOR,MECHANICAL TECHNOLOGY INC,.7020000219345093,0,42784.1015625,1,Directed
9734,3829,SIMMONDSECISIONODS,MCDONNELDG,3721,7155,1977,MCDONNEL DG,SIMMONDS PRECISION PRODS INC,5.609000205993652,98.40299987792969,4130.280029296875,.057000298,Directed
5957,3829,,SUNEL,3825,10153,1977,SUN EL CP,INFRARED INDUSTRIES INC,4.767999887466431,0,250.2770023345947,1,Directed
10407,3841,TELEFLEX,GENMTR,3711,5073,1977,GEN MOTORS,TELEFLEX INC,14.75699996948242,102.9530010223389,118182.41796875,.14333725,Directed
5017,3842,,ZALE,5944,11669,1977,ZALE CORP,GEMTEC CORP,0,0,1695.020004272461,1,Directed
1633,3845,,GENEL,9997,5047,1977,GEN EL,ANALOGIC CORP,4.146999835968018,0,19653.7919921875,1,Directed
1666,3861,ANKENIND,BRUNSWICK,3510,2444,1977,BRUNSWICK CP,ANKEN INDUSTRIES,.5659999847412109,27.29199981689453,1000.444000244141,.020738678,Directed
1845,3911,,SHELLOIL,1311,9653,1977,SHELL OIL,ATLANTIC OIL CORP,.3560000061988831,0,11062.88305664063,1,Directed
4448,3949,,SEARS,5311,6307,1977,SEARS ROEBK,ESCALADE INC,11.68599987030029,0,57069.21704101563,1,Directed
3649,3990,,CHRYSLER,3711,3022,1977,CHRYSLER CP,CUMMINGS INC INTL SIGN SRVC,7.540999889373779,0,26676.90185546875,1,Directed
3649,3990,,FORDMTR,3711,4839,1977,FORD MOTOR,CUMMINGS INC INTL SIGN SRVC,10.15500020980835,0,109465.2065429688,1,Directed
4468,3990,EVANSARISTOCRATINDS,SEARS,5311,6307,1977,SEARS ROEBK,EVANS-ARISTOCRAT INDS,8.512999534606934,19.01000022888184,29780.73193359375,.44781691,Directed
6962,4011,,PAPER,2631,6104,1977,INTL PAPER CO,MAINE CENTRAL RAILROAD CO,7.617000102996826,0,4018,1,Directed
1993,4011,,GENMTR,3711,5073,1977,GEN MOTORS,BALTIMORE & OHIO RAILROAD CO,202.7030029296875,0,118182.41796875,1,Directed
2989,4011,CHESSIESYSTEM,GENMTR,3711,5073,1977,GEN MOTORS,CHESSIE SYSTEM INC,170.4810028076172,1608.307998657227,63221.109375,.10600022,Directed
11576,4210,WDSINVESTMENT,GENMTR,3711,5073,1977,GEN MOTORS,WOODS INVESTMENT CO,74.00899887084961,188.5089988708496,102142.31640625,.39260194,Directed
7811,4210,,ALEXANDERS,6798,1257,1977,ALEXANDERS,NELSON RESOURCE CORP,6.796999931335449,0,2050.262001037598,1,Directed
3900,4213,,OLIN,2810,8123,1977,OLIN CORP,DETSCO INC,1.86899995803833,0,1560.074981689453,1,Directed
6635,4213,LEASEWAYTRANSPORTATION,GENMTR,3711,5073,1977,GEN MOTORS,LEASEWAY TRANSPORTATION CORP,366.6970062255859,1522.962982177734,118182.41796875,.24077867,Directed
6635,4213,LEASEWAYTRANSPORTATION,SEARS,5311,6307,1977,SEARS ROEBK,LEASEWAY TRANSPORTATION CORP,312.7949981689453,1522.962982177734,57069.21704101563,.20538582,Directed
7370,4400,,SOUTHERN,4911,9850,1977,SOUTHERN CO,MIDLAND ENTERPRISES INC,9.598999977111816,0,2206.250946044922,1,Directed
5379,4412,,TEXACO,2911,10482,1977,TEXACO INC,GULFMARK OFFSHORE INC,1.123999953269958,0,27920.48876953125,1,Directed
5320,4512,,FEDEX,4513,4598,1977,FED EXPRESS,GREAT WESTERN AIRLINES INC,3.287999987602234,0,418.7830009460449,1,Directed
6562,4610,,IMPERIALOIL,2911,5903,1977,IMPERIAL OIL,ENBRIDGE ENERGY LP,34.64099884033203,0,8874.900085449219,1,Directed
5485,4731,,CATERPILLAR,3531,2817,1977,CATERPILLAR,CIRCLE INTERNATIONAL GRP INC,8.974999904632568,0,13068.09985351563,1,Directed
8921,4812,,MOTOROLA,3663,7585,1977,MOTOROLA INC,RADIOFONE CORP,.1609999984502792,0,2219.744018554688,1,Directed
3271,4812,,GENEL,9997,5047,1977,GEN EL,COMMUNICATIONS INDS INC,10.54999971389771,0,37172.38623046875,1,Directed
11523,4822,,TRW,3714,10301,1977,TRW INC,E-SYNC NETWORKS INC,.1500000059604645,0,3787.248046875,1,Directed
5870,4911,IDA,FMC,2870,4510,1977,FMC CORP,IDACORP INC,22.90000057220459,351.757999420166,5204.98095703125,.065101579,Directed
7884,4911,NECOENT,RAYTHEON,3812,8972,1977,RAYTHEON,NECO ENTERPRISES INC,0,31.76899981498718,6057.566101074219,.1,Directed
6964,4911,,BANGORHYD,4911,2011,1977,BANGOR HYD,MAINE YANKEE ATOMIC POWER CP,0,0,80.91999912261963,1,Directed
9407,4922,,UNIONCARBIDE,2860,10857,1977,UNION CARBIDE,SANTA FE PIPELINE CO,3.858000040054321,0,14905.79992675781,1,Directed
9407,4922,,AMOCO,2911,1609,1977,AMOCO,SANTA FE PIPELINE CO,2.095999956130981,0,13019.97094726563,1,Directed
10896,4922,UTDENERGYRESOURCES,HOUSTONLP,4911,5743,1977,HOUSTON L&P,UNITED ENERGY RESOURCES,711.7999877929688,3680.22900390625,2373.389999389648,.19341187,Directed
10671,4922,,UNIONGS,4923,10862,1977,UNION GAS LTD,TC ENERGY CORP,763.8939819335938,0,987.3479919433594,1,Directed
7990,4922,NORTHWESTENERGY,CASCADENAT,4924,2803,1977,CASCADE NAT,NORTHWEST ENERGY,87.26100158691406,819.9820098876953,116.375,.10641819,Directed
10896,4922,UTDENERGYRESOURCES,ENTEX,4924,4404,1977,ENTEX INC,UNITED ENERGY RESOURCES,180.1320037841797,2004.226013183594,630.7740097045898,.089876093,Directed
7734,4923,NATIONALGSOIL,BROCKWAY,3221,2418,1977,BROCKWAY,NATIONAL GAS & OIL CO,7.016000032424927,50.18899965286255,1018.025009155273,.13979159,Directed
7734,4923,NATIONALGSOIL,ARMCO,3312,1755,1977,ARMCO INC,NATIONAL GAS & OIL CO,1.643999993801117,50.18899965286255,7906.523803710938,.032756183,Directed
6135,4924,,GULFCDA,2621,5381,1977,GULF CANADA,ENBRIDGE INC,41.94300079345703,0,4029.182891845703,1,Directed
7478,4924,,SCOTTPAPER,2621,9514,1977,SCOTT PAPER,MOBILE GAS SERVICE CORP,5.551000118255615,0,1520.226013183594,1,Directed
6135,4924,,TEXACOCDA,2911,10480,1977,TEXACO CDA,ENBRIDGE INC,24.17300033569336,0,1628.18798828125,1,Directed
10446,4924,,FORDMTR,3711,4839,1977,FORD MOTOR,TENNESSEE NATURAL RESOURCES,15.71399974822998,0,80625.609375,1,Directed
6172,4931,IESIND,QUAKEROATS,2040,8852,1977,QUAKER OATS,IES INDUSTRIES INC,3.346000075340271,454.7490043640137,3236.924987792969,.0073579052,Directed
8810,4931,PUBLICSERVICEENTRPGRP,EXXON,2911,4503,1977,EXXON CORP,PUBLIC SERVICE ENTRP GRP INC,44.8650016784668,4252.580078125,114461.03125,.010550066,Directed
3033,4931,CIL,CATERPILLAR,3531,2817,1977,CATERPILLAR,CILCORP INC,81.03499889373779,1204.793998718262,26136.19970703125,.067260459,Directed
3439,4931,CMSENERGY,GENMTR,3711,5073,1977,GEN MOTORS,CMS ENERGY CORP,388.8919982910156,3503.531005859375,118182.41796875,.11100002,Directed
6825,4931,LGEENERGY,FORDMTR,3711,4839,1977,FORD MOTOR,LG&E ENERGY CORP,0,592.1430053710938,80625.609375,.1,Directed
8810,4931,PUBLICSERVICEENTRPGRP,GENMTR,3711,5073,1977,GEN MOTORS,PUBLIC SERVICE ENTRP GRP INC,19.8439998626709,4252.580078125,118182.41796875,.0046663438,Directed
2856,4931,CHENERGY,BUSMA,7370,6066,1977,INTL BUS MA,CH ENERGY GROUP INC,34.82500065863132,837.6820068359375,78418.517578125,.041573055,Directed
6825,4931,LGEENERGY,GENEL,9997,5047,1977,GEN EL,LG&E ENERGY CORP,0,592.1430053710938,37172.38623046875,.1,Directed
5045,4955,,BUSMA,7370,6066,1977,INTL BUS MA,MEDCLEAN TECHNOLOGIES INC,.9580000340938568,0,34437.50659179688,1,Directed
1049,5040,,SEARS,5311,6307,1977,SEARS ROEBK,APF ELECTRONICS,9.882999897003174,0,57069.21704101563,1,Directed
3160,5050,,ASARCO,3330,1789,1977,ASARCO,COEUR D'ALENES CO  -OLD,.2179999947547913,0,2091.588012695313,1,Directed
5968,5051,RYERSONHING,GENMTR,3711,5073,1977,GEN MOTORS,RYERSON HOLDING CORP,738.3699951171875,5929.611938476563,118182.41796875,.12452248,Directed
8350,5072,,GENMTR,3711,5073,1977,GEN MOTORS,PARK OHIO HOLDINGS CORP,34.92200088500977,0,63221.109375,1,Directed
8905,5080,,CHEVRON,2911,2991,1977,CHEVRON,RSI CORP,.531000018119812,0,23232.40576171875,1,Directed
8905,5080,,TOSCO,2911,10621,1977,TOSCO CORP,RSI CORP,.531000018119812,0,1165.696990966797,1,Directed
7374,5084,,SHELLOIL,1311,9653,1977,SHELL OIL,MIDLAND SOUTHWEST CORP,.1089999973773956,0,11062.88305664063,1,Directed
2083,5084,,WEATHERHEAD,3714,11324,1977,WEATHERHEAD,BASTIAN INDUSTRIES,2.229000091552734,0,74.59300231933594,1,Directed
2083,5084,,MCDONALDS,5812,7154,1977,MCDONALDS,BASTIAN INDUSTRIES,28.56800079345703,0,3027.756011962891,1,Directed
2083,5084,,BUSMA,7370,6066,1977,INTL BUS MA,BASTIAN INDUSTRIES,1.723000049591064,0,34437.50659179688,1,Directed
1339,5099,,FEDMART,5311,4594,1977,FED MART,ALTA INDUSTRIES CORP,7.398000001907349,0,1207.608001708984,1,Directed
1339,5099,,GRANDCENTRAL,5331,5260,1977,GRAND CENTRAL,ALTA INDUSTRIES CORP,9.978000164031982,0,335.6059989929199,1,Directed
5479,5122,,SEARS,5311,6307,1977,SEARS ROEBK,AMEXDRUG CORP,.8569999933242798,0,29780.73193359375,1,Directed
5479,5122,,PENNEYJC,5311,8446,1977,PENNEY (JC),AMEXDRUG CORP,.9890000224113464,0,10845,1,Directed
6404,5122,KETCHUM,GRAYDRUG,5912,5285,1977,GRAY DRUG,KETCHUM & CO,15.97500038146973,155.4470024108887,408.7429962158203,.10276815,Directed
10182,5141,SUPERFOODSERVICES,ALBERTSONS,5411,1240,1977,ALBERTSONS,SUPER FOOD SERVICES INC,80.11399841308594,771.5200042724609,2268.969970703125,.10383917,Directed
1121,5172,ADAMSRESOURCESENERGY,TENNECO,3714,10443,1977,TENNECO INC,ADAMS RESOURCES & ENERGY INC,13.05900001525879,102.2589988708496,8762.000122070313,.12770514,Directed
9748,5200,,SEARS,5311,6307,1977,SEARS ROEBK,PERVASIP CORP,12.40200018882751,0,80503.02502441406,1,Directed
9748,5200,,PENNEYJC,5311,8446,1977,PENNEY (JC),PERVASIP CORP,8.509000062942505,0,28567.50305175781,1,Directed
3860,5531,,CHRYSLER,3711,3022,1977,CHRYSLER,DELTON INDUSTRIES INC,0,0,13058.59985351563,1,Directed
3860,5531,,FORDMTR,3711,4839,1977,FORD MOTORS,DELTON INDUSTRIES INC,0,0,37841.5078125,1,Directed
3860,5531,,GENMTR,3711,5073,1977,GEN MOTORS,DELTON INDUSTRIES INC,23.01199913024902,0,54961.30859375,1,Directed
10814,5735,,SEARS,5311,6307,1977,SEARS ROEBK,URT INDUSTRIES INC,5.060999870300293,0,57069.21704101563,1,Directed
6790,6162,LOMASFINL,TRINITYIND,3743,10735,1977,TRINITY IND,LOMAS FINANCIAL CORP,1.289000034332275,67.31500053405762,277.1630020141602,.019148778,Directed
10451,6324,AMERNINDEPENDENCE,SEARS,5311,6307,1977,SEARS ROEBK,AMERICAN INDEPENDENCE CORP,.3560000061988831,3.870999991893768,27288.48510742188,.091965899,Directed
1097,6351,,QUESTOR,3949,8875,1977,QUESTOR CP,ACMAT CORP  -CL A,.3490000069141388,0,469.5670013427734,1,Directed
7121,6510,,GENMTR,3711,5073,1977,GEN MOTORS,MAXCO INC,12.67700004577637,0,63221.109375,1,Directed
5857,6552,ITIOH,RYANHOMES,1531,9297,1977,RYAN HOMES,ITI CORP/OH,1.467000007629395,2.461000055074692,399.5620040893555,.59609914,Directed
5746,6792,,TEXACO,2911,10482,1977,TEXACO,HOUSTON OIL FIELDS CO-TEX,.3289999961853027,0,28607.51611328125,1,Directed
10504,6792,TXPACLANDTR,TEXACO,2911,10482,1977,TEXACO INC,TEXAS PACIFIC LAND TRUST,1.694999992847443,15.90400004386902,56528.0048828125,.10657696,Directed
6661,6794,,GABRIELIND,3944,4965,1977,GABRIEL IND,4LICENSING CORP,0,0,50.16999912261963,1,Directed
6661,6794,,MEGO,3944,7235,1977,MEGO CORP,4LICENSING CORP,1.071000009775162,0,168.6120014190674,1,Directed
6626,6795,,DAYMINES,1044,3808,1977,DAY MINES,LEADVILLE CORP,.6639999747276306,0,12.23399996757507,1,Directed
8060,6797,,GENMEDICAL,5190,5067,1977,GEN MEDICAL,NEWTEK BUSINESS SERVICES CP,.636000007390976,0,497.7919960021973,1,Directed
2351,6798,,PENNEYJC,5311,8446,1977,PENNEY (JC),BRADLEY REAL ESTATE INC,.5170000195503235,0,10845,1,Directed
9457,6799,SCHENUITINVESTMENTS,SEARS,5311,6307,1977,SEARS ROEBK,SCHENUIT INVESTMENTS INC,14.48999977111816,49.96599864959717,29780.73193359375,.28999719,Directed
5340,7311,,GENFOODS,2000,5055,1977,GEN FOODS,GREY GLOBAL GROUP INC,12.36100006103516,0,5472.4560546875,1,Directed
3750,7320,,PLESSEY,3812,8643,1977,PLESSEY CO,DASA CORP,4.740000009536743,0,3585.300018310547,1,Directed
6016,7320,,MACYRH,5311,6928,1977,MACY (RH),INTER-CONTINENTAL SVCS CORP,.2409999966621399,0,1469.363006591797,1,Directed
10423,7340,,BUSMA,7370,6066,1977,INTL BUS MA,TEMCO SERVICE INDUSTRIES INC,5.86899995803833,0,39209.2587890625,1,Directed
5178,7350,GLASROCKMEDICALSERVICES,EMERSONEL,3823,4321,1977,EMERSON EL,GLASROCK MEDICAL SERVICES,1.13699996471405,11.39300012588501,2234.028991699219,.099798121,Directed
4770,7359,FLEXIVAN,PENNEYJC,5311,8446,1977,PENNEY (JC),FLEXI-VAN CORP-OLD,2.672999978065491,315.9340000152588,20213.70300292969,.0084606279,Directed
9277,7363,,GRUMMN,3721,5361,1977,GRUMMAN CP,ROYALPAR INDUSTRIES INC,.2750000059604645,0,1455.447998046875,1,Directed
9277,7363,,MCDONNELDG,3721,7155,1977,MCDONNEL DG,ROYALPAR INDUSTRIES INC,2.699000000953674,0,7675.078002929688,1,Directed
1781,7370,ENTRADE,WHIROOL,3630,11465,1977,WHIRLPOOL,ENTRADE INC,9.199999809265137,152.6929988861084,2082.882019042969,.060251616,Directed
5422,7370,,XONICS,3861,11638,1977,XONICS INC,ANALEX CORP,.7739999890327454,0,88.06100082397461,1,Directed
10305,7371,,PEPSICO,2080,8479,1977,PEPSICO INC,TSR INC,.193000003695488,0,4300.006103515625,1,Directed
1634,7371,,GENMTR,3711,5073,1977,GEN MOTORS,ANALYSTS INTERNATIONAL CORP,1.202000021934509,0,63221.109375,1,Directed
3829,7371,,GRUMMN,3721,5361,1977,GRUMMAN CP,DECISION SYSTEMS INC,.421999990940094,0,1455.447998046875,1,Directed
5039,7371,,DENNYS,5812,3869,1977,DENNYS,GENERAL COMPUTER SVCS INC,.289000004529953,0,432.9760055541992,1,Directed
3829,7371,,CITI,6020,3066,1977,CITICORP,DECISION SYSTEMS INC,1.281999945640564,0,7533.094970703125,1,Directed
7666,7372,,TRW,3714,10301,1977,TRW INC,NSA INC,.034000001847744,0,3263.943054199219,1,Directed
4291,7374,,BUSMA,7370,6066,1977,INTL BUS MA,ELECTRONIC TABULATING CORP,.8890000283718109,0,39209.2587890625,1,Directed
6684,7377,,LEVISTRAUSS,2300,16476,1977,LEVI STRAUSS,LEVIN INTERNATIONAL CORP,.4699999839067459,0,2779.08203125,1,Directed
2322,7381,BURNSSERVICES,FORDMTR,3711,4839,1977,FORD MOTOR CO,BURNS INTL SERVICES CORP,459.0500030517578,4357.899993896484,80625.609375,.10533743,Directed
5612,7389,,TEXACO,2911,10482,1977,TEXACO INC,HI PORT INDUSTRIES INC,1.786999940872192,0,56528.0048828125,1,Directed
9013,7389,,MITE,3452,7468,1977,MITE CORP,REFAC OPTICAL GROUP,1.960000038146973,0,107.6029996871948,1,Directed
3303,7389,,ATT,4813,1581,1977,AT & T,COMPUTER CAREERS INC,.5980000048875809,0,109355.228515625,1,Directed
9376,7389,,GENEL,9997,5047,1977,GEN ELECTRIC,NATL STOCK YARDS CO,.2099999934434891,0,19653.7919921875,1,Directed
10660,7510,,RIVIANAFOODS,2040,9165,1977,RIVIANA FOODS,TRANS NATIONAL LEASING INC,.3199999928474426,0,225.1760025024414,1,Directed
10660,7510,,WYLAIN,3585,11613,1977,WYLAIN INC,TRANS NATIONAL LEASING INC,.7709999978542328,0,785.1570091247559,1,Directed
9299,7510,RYDERSYSTEM,GENMTR,3711,5073,1977,GEN MOTORS,RYDER SYSTEM INC,318.2949981689453,2038.609024047852,118182.41796875,.15613341,Directed
7197,7812,,SEARLEGD,2834,9560,1977,SEARLE (GD),MEDCOM INC,1.196999967098236,0,1597.962997436523,1,Directed
9010,7812,,XEROX,3577,11636,1977,XEROX CORP,REEVES COMMUNICATIONS,1.822000026702881,0,6033.300048828125,1,Directed
5378,7812,PARAMOUNTCOMMUN,SEARS,5311,6307,1977,SEARS ROEBK,PARAMOUNT COMMUNICATIONS INC,159.5,4311.955993652344,29780.73193359375,.036990173,Directed
5378,7812,PARAMOUNTCOMMUN,PENNEYJC,5311,8446,1977,PENNEY (JC),PARAMOUNT COMMUNICATIONS INC,0,4311.955993652344,10845,.1,Directed
10371,7819,TECHNICOLOR,MCA,7812,6861,1977,MCA INC,TECHNICOLOR INC,21.97200012207031,137.3520011901855,1120.643997192383,.15996854,Directed
6654,8011,FIRSTMEDICAL,FORDMTR,3711,4839,1977,FORD MOTOR,FIRST MEDICAL GROUP INC,26.50699996948242,549.976001739502,161251.21875,.048196647,Directed
6654,8011,FIRSTMEDICAL,GENMTR,3711,5073,1977,GEN MOTORS,FIRST MEDICAL GROUP INC,32.40299987792969,274.988000869751,118182.41796875,.11783423,Directed
6654,8011,FIRSTMEDICAL,FELSWAY,5661,4619,1977,FELSWAY CP,FIRST MEDICAL GROUP INC,6.183000087738037,141.0390014648438,19.27899932861328,.043838937,Directed
6622,8050,,BETHLHMSTL,3312,2189,1977,BETHLHM STL,LEADER HEALTHCARE ORGANIZTN,4.039000034332275,0,16802.90026855469,1,Directed
6069,8071,,GENCARE,8060,5036,1977,GENL CARE CP,INTL CLINICAL LABS,2.25600004196167,0,68.24499893188477,1,Directed
6909,8700,MACDONALDEF,GENMTR,3711,5073,1977,GEN MOTORS,MACDONALD (E.F.) CO,18,204.6910018920898,63221.109375,.08793743,Directed
10069,8711,,FEDEX,4513,4598,1977,FED EXPRESS,STERLING OIL OF OKLAHOMA INC,.5070000290870667,0,258.482006072998,1,Directed
1154,8711,,GENEL,9997,5047,1977,GEN EL,AERO SYSTEMS ENGINEERING INC,.3970000147819519,0,19653.7919921875,1,Directed
2362,8711,,GENEL,9997,5047,1977,GEN EL,RUST INTERNATIONAL INC,16.30200004577637,0,33215.89428710938,1,Directed
9552,9995,,CONOCO,2911,3398,1977,CONOCO INC,LEAP TECHNOLOGY INC,.9720000028610229,0,9455.24072265625,1,Directed
7287,9995,,HUGHESTOOL,3533,5775,1977,HUGHES TOOL,TIANRONG INTERNET PRDS & SRV,2.293999910354614,0,659.4049987792969,1,Directed
7753,9995,,MEMOREX,3572,7244,1977,MEMOREX CP,NATIONAL MICRONETICS INC,4.022999942302704,0,1083.377998352051,1,Directed
7753,9995,,STORETEC,3572,10097,1977,STORAGE TEC,NATIONAL MICRONETICS INC,2.712000004947186,0,462.6969985961914,1,Directed
9048,9995,,INTEL,3674,6008,1977,INTEL CORP,RELIABILITY INC,.3619999885559082,0,400.6199951171875,1,Directed
5614,9995,HISHEARIND,BOEING,3721,2285,1977,BOEING CO,HI-SHEAR INDUSTRIES,1.935999989509583,65.53299999237061,5463.000122070313,.029542368,Directed
5614,9995,HISHEARIND,MCDONNELDG,3721,7155,1977,MCDONNEL DG,HI-SHEAR INDUSTRIES,4.14799976348877,65.53299999237061,4130.280029296875,.063296348,Directed
5614,9995,HISHEARIND,LOCKHEED,3760,6774,1977,LOCKHEED CP,HI-SHEAR INDUSTRIES,2.211999893188477,65.53299999237061,3484.999938964844,.033753984,Directed
7753,9995,,LOCKHEED,3760,6774,1977,LOCKHEED CP,NATIONAL MICRONETICS INC,3.695000052452087,0,6857.799926757813,1,Directed
4630,9995,FIDATA,BKERSTR,6020,2029,1977,BANKERS TRUST,FIDATA CORP,7.520999908447266,94.01599884033203,1447.107025146484,.079997025,Directed
2176,9997,,SEARS,5311,6307,1977,SEARS ROEBK,BERKSHIRE HATHAWAY,13.60100030899048,0,57069.21704101563,1,Directed
